{"acteur": {"@xmlns": "http://schemas.assemblee-nationale.fr/referentiel", "uid": {"@xmlns:xsi": "http://www.w3.org/2001/XMLSchema-instance", "@xsi:type": "IdActeur_type", "#text": "PA1048"}, "etatCivil": {"ident": {"civ": "M.", "prenom": "Michel", "nom": "Delebarre", "alpha": "Delebarre_michel_11035h", "trigramme": {"@xmlns:xsi": "http://www.w3.org/2001/XMLSchema-instance", "@xsi:nil": "true"}}, "infoNaissance": {"dateNais": "1946-04-27", "villeNais": "Bailleul", "depNais": "Nord", "paysNais": "France"}, "dateDeces": "2022-04-09"}, "profession": {"libelleCourant": "Pr\u00e9fet", "socProcINSEE": {"catSocPro": "Cadres de la fonction publique, professions intellectuelles et  artistiques", "famSocPro": "Cadres et professions intellectuelles sup\u00e9rieures"}}, "uri_hatvp": {"@xmlns:xsi": "http://www.w3.org/2001/XMLSchema-instance", "@xsi:nil": "true"}, "adresses": {"adresse": [{"@xmlns:xsi": "http://www.w3.org/2001/XMLSchema-instance", "@xsi:type": "AdressePostale_Type", "uid": "AD386866", "type": "0", "typeLibelle": "Adresse officielle", "poids": "1", "adresseDeRattachement": null, "intitule": "Assembl\u00e9e nationale,", "numeroRue": "126", "nomRue": "Rue de l'Universit\u00e9,", "complementAdresse": null, "codePostal": "75355", "ville": "Paris 07 SP"}, {"@xmlns:xsi": "http://www.w3.org/2001/XMLSchema-instance", "@xsi:type": "AdresseMail_Type", "uid": "AD391656", "type": "15", "typeLibelle": "M\u00e8l", "poids": null, "adresseDeRattachement": null, "valElec": "mdelebarre@assemblee-nationale.fr"}, {"@xmlns:xsi": "http://www.w3.org/2001/XMLSchema-instance", "@xsi:type": "AdresseSiteWeb_Type", "uid": "AD430144", "type": "23", "typeLibelle": "Url s\u00e9nateur", "poids": null, "adresseDeRattachement": null, "valElec": "https://www.senat.fr/senateur/delebarre_michel11035h.html"}]}, "mandats": {"mandat": [{"@xmlns:xsi": "http://www.w3.org/2001/XMLSchema-instance", "@xsi:type": "MandatSimple_Type", "uid": "PM702035", "acteurRef": "PA1048", "legislature": null, "typeOrgane": "COMSPSENAT", "dateDebut": "2014-06-23", "datePublication": null, "dateFin": "2014-10-08", "preseance": "4", "nominPrincipale": "1", "infosQualite": {"codeQualite": "Rapporteur", "libQualite": "Rapporteur", "libQualiteSex": "Rapporteur"}, "organes": {"organeRef": "PO701979"}}, {"@xmlns:xsi": "http://www.w3.org/2001/XMLSchema-instance", "@xsi:type": "MandatSimple_Type", "uid": "PM702008", "acteurRef": "PA1048", "legislature": null, "typeOrgane": "COMSPSENAT", "dateDebut": "2014-06-18", "datePublication": null, "dateFin": "2014-06-22", "preseance": null, "nominPrincipale": "1", "infosQualite": {"codeQualite": null, "libQualite": "Membre", "libQualiteSex": "Membre"}, "organes": {"organeRef": "PO701979"}}, {"@xmlns:xsi": "http://www.w3.org/2001/XMLSchema-instance", "@xsi:type": "MandatAvecSuppleant_Type", "uid": "PM415299", "acteurRef": "PA1048", "legislature": "13", "typeOrgane": "COMNL", "dateDebut": "2008-09-17", "datePublication": null, "dateFin": "2011-09-30", "preseance": "20", "nominPrincipale": "1", "infosQualite": {"codeQualite": "Membre", "libQualite": "Membre", "libQualiteSex": "Membre"}, "organes": {"organeRef": "PO415287"}, "suppleants": null}, {"@xmlns:xsi": "http://www.w3.org/2001/XMLSchema-instance", "@xsi:type": "MandatSimple_Type", "uid": "PM436982", "acteurRef": "PA1048", "legislature": null, "typeOrgane": "DELEGSENAT", "dateDebut": "2011-11-30", "datePublication": null, "dateFin": null, "preseance": "4", "nominPrincipale": "1", "infosQualite": {"codeQualite": "Membre", "libQualite": "Membre", "libQualiteSex": "Membre"}, "organes": {"organeRef": "PO420387"}}, {"@xmlns:xsi": "http://www.w3.org/2001/XMLSchema-instance", "@xsi:type": "MandatSimple_Type", "uid": "PM391583", "acteurRef": "PA1048", "legislature": "13", "typeOrgane": "DELEG", "dateDebut": "2007-07-05", "datePublication": "2007-07-06", "dateFin": "2008-09-16", "preseance": "20", "nominPrincipale": "1", "infosQualite": {"codeQualite": "Membre", "libQualite": "Membre", "libQualiteSex": "Membre"}, "organes": {"organeRef": "PO59054"}}, {"@xmlns:xsi": "http://www.w3.org/2001/XMLSchema-instance", "@xsi:type": "MandatSimple_Type", "uid": "PM272375", "acteurRef": "PA1048", "legislature": "12", "typeOrgane": "DELEG", "dateDebut": "2002-07-03", "datePublication": "2002-07-03", "dateFin": "2007-06-19", "preseance": "20", "nominPrincipale": "1", "infosQualite": {"codeQualite": "Membre", "libQualite": "Membre", "libQualiteSex": "Membre"}, "organes": {"organeRef": "PO59054"}}, {"@xmlns:xsi": "http://www.w3.org/2001/XMLSchema-instance", "@xsi:type": "MandatSimple_Type", "uid": "PM704913", "acteurRef": "PA1048", "legislature": null, "typeOrgane": "DELEGSENAT", "dateDebut": "2014-10-29", "datePublication": null, "dateFin": null, "preseance": "4", "nominPrincipale": "1", "infosQualite": {"codeQualite": "Membre", "libQualite": "Membre", "libQualiteSex": "Membre"}, "organes": {"organeRef": "PO420387"}}, {"@xmlns:xsi": "http://www.w3.org/2001/XMLSchema-instance", "@xsi:type": "MandatSimple_Type", "uid": "PM430256", "acteurRef": "PA1048", "legislature": null, "typeOrgane": "COMSENAT", "dateDebut": "2011-10-01", "datePublication": null, "dateFin": "2014-10-08", "preseance": "10", "nominPrincipale": "1", "infosQualite": {"codeQualite": "Membre", "libQualite": "Membre", "libQualiteSex": "Membre"}, "organes": {"organeRef": "PO211495"}}, {"@xmlns:xsi": "http://www.w3.org/2001/XMLSchema-instance", "@xsi:type": "MandatSimple_Type", "uid": "PM704184", "acteurRef": "PA1048", "legislature": null, "typeOrgane": "COMSENAT", "dateDebut": "2014-10-09", "datePublication": null, "dateFin": "2017-10-01", "preseance": null, "nominPrincipale": "1", "infosQualite": {"codeQualite": null, "libQualite": "Secr\u00e9taire", "libQualiteSex": "Secr\u00e9taire"}, "organes": {"organeRef": "PO211495"}}, {"@xmlns:xsi": "http://www.w3.org/2001/XMLSchema-instance", "@xsi:type": "MandatSimple_Type", "uid": "PM706034", "acteurRef": "PA1048", "legislature": null, "typeOrgane": "API", "dateDebut": "2014-10-01", "datePublication": null, "dateFin": "2017-10-01", "preseance": "20", "nominPrincipale": "1", "infosQualite": {"codeQualite": "Membre", "libQualite": "Membre", "libQualiteSex": "Membre"}, "organes": {"organeRef": "PO206064"}}, {"@xmlns:xsi": "http://www.w3.org/2001/XMLSchema-instance", "@xsi:type": "MandatSimple_Type", "uid": "PM401393", "acteurRef": "PA1048", "legislature": "13", "typeOrgane": "GEVI", "dateDebut": "2007-10-26", "datePublication": null, "dateFin": "2011-09-30", "preseance": "20", "nominPrincipale": "1", "infosQualite": {"codeQualite": "Membre", "libQualite": "Membre", "libQualiteSex": "Membre"}, "organes": {"organeRef": "PO393228"}}, {"@xmlns:xsi": "http://www.w3.org/2001/XMLSchema-instance", "@xsi:type": "MandatSimple_Type", "uid": "PM430487", "acteurRef": "PA1048", "legislature": null, "typeOrgane": "GROUPESENAT", "dateDebut": "2011-10-01", "datePublication": null, "dateFin": "2017-10-01", "preseance": "4", "nominPrincipale": "1", "infosQualite": {"codeQualite": "Membre", "libQualite": "Membre", "libQualiteSex": "Membre"}, "organes": {"organeRef": "PO77710"}}, {"@xmlns:xsi": "http://www.w3.org/2001/XMLSchema-instance", "@xsi:type": "MandatSimple_Type", "uid": "PM390121", "acteurRef": "PA1048", "legislature": "13", "typeOrgane": "GP", "dateDebut": "2007-06-27", "datePublication": "2007-06-27", "dateFin": "2011-09-30", "preseance": "20", "nominPrincipale": "1", "infosQualite": {"codeQualite": "Membre", "libQualite": "Membre du", "libQualiteSex": "Membre du"}, "organes": {"organeRef": "PO389507"}}, {"@xmlns:xsi": "http://www.w3.org/2001/XMLSchema-instance", "@xsi:type": "MandatSimple_Type", "uid": "PM271362", "acteurRef": "PA1048", "legislature": "12", "typeOrgane": "GP", "dateDebut": "2002-06-25", "datePublication": "2002-06-26", "dateFin": "2007-06-19", "preseance": "20", "nominPrincipale": "1", "infosQualite": {"codeQualite": "Membre", "libQualite": "Membre du", "libQualiteSex": "Membre du"}, "organes": {"organeRef": "PO270907"}}, {"@xmlns:xsi": "http://www.w3.org/2001/XMLSchema-instance", "@xsi:type": "MandatSimple_Type", "uid": "PM390719", "acteurRef": "PA1048", "legislature": "13", "typeOrgane": "COMPER", "dateDebut": "2007-06-27", "datePublication": "2007-06-28", "dateFin": "2011-09-30", "preseance": "32", "nominPrincipale": "1", "infosQualite": {"codeQualite": "Membre", "libQualite": "Membre", "libQualiteSex": "Membre"}, "organes": {"organeRef": "PO59047"}}, {"@xmlns:xsi": "http://www.w3.org/2001/XMLSchema-instance", "@xsi:type": "MandatSimple_Type", "uid": "PM271981", "acteurRef": "PA1048", "legislature": "12", "typeOrgane": "COMPER", "dateDebut": "2002-06-26", "datePublication": "2002-06-27", "dateFin": "2007-06-19", "preseance": "32", "nominPrincipale": "1", "infosQualite": {"codeQualite": "Membre", "libQualite": "Membre", "libQualiteSex": "Membre"}, "organes": {"organeRef": "PO59047"}}, {"@xmlns:xsi": "http://www.w3.org/2001/XMLSchema-instance", "@xsi:type": "MandatSimple_Type", "uid": "PM705127", "acteurRef": "PA1048", "legislature": null, "typeOrgane": "CMP", "dateDebut": "2014-11-20", "datePublication": "2014-12-05", "dateFin": "2014-12-18", "preseance": "20", "nominPrincipale": "1", "infosQualite": {"codeQualite": "Titulaire", "libQualite": "Membre titulaire", "libQualiteSex": "Membre titulaire"}, "organes": {"organeRef": "PO704399"}}, {"@xmlns:xsi": "http://www.w3.org/2001/XMLSchema-instance", "@xsi:type": "MandatSimple_Type", "uid": "PM693198", "acteurRef": "PA1048", "legislature": null, "typeOrgane": "CMP", "dateDebut": "2013-04-02", "datePublication": "2013-04-03", "dateFin": "2013-04-14", "preseance": "20", "nominPrincipale": "0", "infosQualite": {"codeQualite": "Titulaire", "libQualite": "Membre titulaire", "libQualiteSex": "Membre titulaire"}, "organes": {"organeRef": "PO693143"}}, {"@xmlns:xsi": "http://www.w3.org/2001/XMLSchema-instance", "@xsi:type": "MandatSimple_Type", "uid": "PM475725", "acteurRef": "PA1048", "legislature": null, "typeOrgane": "CMP", "dateDebut": "2012-01-12", "datePublication": "2012-01-14", "dateFin": "2012-02-07", "preseance": "20", "nominPrincipale": "1", "infosQualite": {"codeQualite": "Titulaire", "libQualite": "Membre titulaire", "libQualiteSex": "Membre titulaire"}, "organes": {"organeRef": "PO474599"}}, {"@xmlns:xsi": "http://www.w3.org/2001/XMLSchema-instance", "@xsi:type": "MandatSimple_Type", "uid": "PM693215", "acteurRef": "PA1048", "legislature": null, "typeOrgane": "CMP", "dateDebut": "2013-04-02", "datePublication": "2013-04-03", "dateFin": "2013-04-14", "preseance": "16", "nominPrincipale": "1", "infosQualite": {"codeQualite": "Rapporteur", "libQualite": "Rapporteur", "libQualiteSex": "Rapporteur"}, "organes": {"organeRef": "PO693143"}}, {"@xmlns:xsi": "http://www.w3.org/2001/XMLSchema-instance", "@xsi:type": "MandatSimple_Type", "uid": "PM693219", "acteurRef": "PA1048", "legislature": null, "typeOrgane": "CMP", "dateDebut": "2013-04-02", "datePublication": "2013-04-03", "dateFin": "2013-04-17", "preseance": "16", "nominPrincipale": "1", "infosQualite": {"codeQualite": "Rapporteur", "libQualite": "Rapporteur", "libQualiteSex": "Rapporteur"}, "organes": {"organeRef": "PO693149"}}, {"@xmlns:xsi": "http://www.w3.org/2001/XMLSchema-instance", "@xsi:type": "MandatSimple_Type", "uid": "PM693170", "acteurRef": "PA1048", "legislature": null, "typeOrgane": "CMP", "dateDebut": "2013-04-02", "datePublication": "2013-04-03", "dateFin": "2013-04-17", "preseance": "20", "nominPrincipale": "0", "infosQualite": {"codeQualite": "Titulaire", "libQualite": "Membre titulaire", "libQualiteSex": "Membre titulaire"}, "organes": {"organeRef": "PO693149"}}, {"@xmlns:xsi": "http://www.w3.org/2001/XMLSchema-instance", "@xsi:type": "MandatParlementaire_type", "uid": "PM429935", "acteurRef": "PA1048", "legislature": null, "typeOrgane": "SENAT", "dateDebut": "2011-10-01", "datePublication": null, "dateFin": "2017-10-01", "preseance": "20", "nominPrincipale": "1", "infosQualite": {"codeQualite": "S\u00e9nateur", "libQualite": "SENATEUR", "libQualiteSex": "SENATEUR"}, "organes": {"organeRef": "PO78718"}, "suppleants": null, "chambre": null, "election": {"lieu": {"region": null, "regionType": null, "departement": null, "numDepartement": "59", "numCirco": null}, "causeMandat": null}, "mandature": {"datePriseFonction": null, "causeFin": null, "premiereElection": "0", "placeHemicycle": null, "mandatRemplaceRef": null}, "collaborateurs": null}, {"@xmlns:xsi": "http://www.w3.org/2001/XMLSchema-instance", "@xsi:type": "MandatSimple_Type", "uid": "PM295605", "acteurRef": "PA1048", "legislature": "12", "typeOrgane": "GE", "dateDebut": "2003-02-05", "datePublication": null, "dateFin": "2007-06-19", "preseance": "20", "nominPrincipale": "1", "infosQualite": {"codeQualite": "Membre", "libQualite": "Membre", "libQualiteSex": "Membre"}, "organes": {"organeRef": "PO285054"}}, {"@xmlns:xsi": "http://www.w3.org/2001/XMLSchema-instance", "@xsi:type": "MandatSimple_Type", "uid": "PM302184", "acteurRef": "PA1048", "legislature": "12", "typeOrgane": "GE", "dateDebut": "2003-07-16", "datePublication": null, "dateFin": "2007-06-19", "preseance": "20", "nominPrincipale": "1", "infosQualite": {"codeQualite": "Membre", "libQualite": "Membre", "libQualiteSex": "Membre"}, "organes": {"organeRef": "PO293169"}}, {"@xmlns:xsi": "http://www.w3.org/2001/XMLSchema-instance", "@xsi:type": "MandatSimple_Type", "uid": "PM310148", "acteurRef": "PA1048", "legislature": "12", "typeOrgane": "GE", "dateDebut": "2003-02-03", "datePublication": null, "dateFin": "2007-06-19", "preseance": "20", "nominPrincipale": "1", "infosQualite": {"codeQualite": "Membre", "libQualite": "Membre", "libQualiteSex": "Membre"}, "organes": {"organeRef": "PO290184"}}, {"@xmlns:xsi": "http://www.w3.org/2001/XMLSchema-instance", "@xsi:type": "MandatSimple_Type", "uid": "PM297150", "acteurRef": "PA1048", "legislature": "12", "typeOrgane": "GE", "dateDebut": "2002-12-14", "datePublication": null, "dateFin": "2007-06-19", "preseance": "20", "nominPrincipale": "1", "infosQualite": {"codeQualite": "Membre", "libQualite": "Membre", "libQualiteSex": "Membre"}, "organes": {"organeRef": "PO285135"}}, {"@xmlns:xsi": "http://www.w3.org/2001/XMLSchema-instance", "@xsi:type": "MandatSimple_Type", "uid": "PM424875", "acteurRef": "PA1048", "legislature": "13", "typeOrgane": "GE", "dateDebut": "2010-07-27", "datePublication": null, "dateFin": "2011-09-30", "preseance": "20", "nominPrincipale": "1", "infosQualite": {"codeQualite": "Membre", "libQualite": "Membre", "libQualiteSex": "Membre"}, "organes": {"organeRef": "PO424325"}}, {"@xmlns:xsi": "http://www.w3.org/2001/XMLSchema-instance", "@xsi:type": "MandatSimple_Type", "uid": "PM406511", "acteurRef": "PA1048", "legislature": "13", "typeOrgane": "GE", "dateDebut": "2008-01-15", "datePublication": null, "dateFin": "2011-09-30", "preseance": "20", "nominPrincipale": "1", "infosQualite": {"codeQualite": "Membre", "libQualite": "Membre", "libQualiteSex": "Membre"}, "organes": {"organeRef": "PO402943"}}, {"@xmlns:xsi": "http://www.w3.org/2001/XMLSchema-instance", "@xsi:type": "MandatSimple_Type", "uid": "PM403917", "acteurRef": "PA1048", "legislature": "13", "typeOrgane": "GE", "dateDebut": "2007-10-31", "datePublication": null, "dateFin": "2011-09-30", "preseance": "20", "nominPrincipale": "0", "infosQualite": {"codeQualite": "Membre", "libQualite": "Membre", "libQualiteSex": "Membre"}, "organes": {"organeRef": "PO403160"}}, {"@xmlns:xsi": "http://www.w3.org/2001/XMLSchema-instance", "@xsi:type": "MandatSimple_Type", "uid": "PM411032", "acteurRef": "PA1048", "legislature": "13", "typeOrgane": "GE", "dateDebut": "2008-03-20", "datePublication": null, "dateFin": "2011-09-30", "preseance": "20", "nominPrincipale": "1", "infosQualite": {"codeQualite": "Membre", "libQualite": "Membre", "libQualiteSex": "Membre"}, "organes": {"organeRef": "PO403232"}}, {"@xmlns:xsi": "http://www.w3.org/2001/XMLSchema-instance", "@xsi:type": "MandatSimple_Type", "uid": "PM295303", "acteurRef": "PA1048", "legislature": "12", "typeOrgane": "GE", "dateDebut": "2002-11-27", "datePublication": null, "dateFin": "2007-06-19", "preseance": "20", "nominPrincipale": "1", "infosQualite": {"codeQualite": "Membre", "libQualite": "Membre", "libQualiteSex": "Membre"}, "organes": {"organeRef": "PO285082"}}, {"@xmlns:xsi": "http://www.w3.org/2001/XMLSchema-instance", "@xsi:type": "MandatSimple_Type", "uid": "PM299452", "acteurRef": "PA1048", "legislature": "12", "typeOrgane": "GE", "dateDebut": "2003-04-08", "datePublication": null, "dateFin": "2007-06-19", "preseance": "20", "nominPrincipale": "1", "infosQualite": {"codeQualite": "Membre", "libQualite": "Membre", "libQualiteSex": "Membre"}, "organes": {"organeRef": "PO285111"}}, {"@xmlns:xsi": "http://www.w3.org/2001/XMLSchema-instance", "@xsi:type": "MandatSimple_Type", "uid": "PM287555", "acteurRef": "PA1048", "legislature": "12", "typeOrgane": "GE", "dateDebut": "2002-12-18", "datePublication": null, "dateFin": "2007-06-19", "preseance": "20", "nominPrincipale": "1", "infosQualite": {"codeQualite": "Membre", "libQualite": "Membre", "libQualiteSex": "Membre"}, "organes": {"organeRef": "PO285099"}}, {"@xmlns:xsi": "http://www.w3.org/2001/XMLSchema-instance", "@xsi:type": "MandatSimple_Type", "uid": "PM415400", "acteurRef": "PA1048", "legislature": "13", "typeOrgane": "GE", "dateDebut": "2008-04-21", "datePublication": null, "dateFin": "2011-09-30", "preseance": "20", "nominPrincipale": "1", "infosQualite": {"codeQualite": "Membre", "libQualite": "Membre", "libQualiteSex": "Membre"}, "organes": {"organeRef": "PO403325"}}, {"@xmlns:xsi": "http://www.w3.org/2001/XMLSchema-instance", "@xsi:type": "MandatSimple_Type", "uid": "PM411362", "acteurRef": "PA1048", "legislature": "13", "typeOrgane": "GE", "dateDebut": "2008-03-31", "datePublication": null, "dateFin": "2011-09-30", "preseance": "20", "nominPrincipale": "1", "infosQualite": {"codeQualite": "Membre", "libQualite": "Membre", "libQualiteSex": "Membre"}, "organes": {"organeRef": "PO405831"}}, {"@xmlns:xsi": "http://www.w3.org/2001/XMLSchema-instance", "@xsi:type": "MandatSimple_Type", "uid": "PM297455", "acteurRef": "PA1048", "legislature": "12", "typeOrgane": "GE", "dateDebut": "2003-04-29", "datePublication": null, "dateFin": "2007-06-19", "preseance": "20", "nominPrincipale": "1", "infosQualite": {"codeQualite": "Membre", "libQualite": "Membre", "libQualiteSex": "Membre"}, "organes": {"organeRef": "PO285113"}}, {"@xmlns:xsi": "http://www.w3.org/2001/XMLSchema-instance", "@xsi:type": "MandatSimple_Type", "uid": "PM409468", "acteurRef": "PA1048", "legislature": "13", "typeOrgane": "GE", "dateDebut": "2008-01-09", "datePublication": null, "dateFin": "2011-09-30", "preseance": "20", "nominPrincipale": "1", "infosQualite": {"codeQualite": "Membre", "libQualite": "Membre", "libQualiteSex": "Membre"}, "organes": {"organeRef": "PO403069"}}, {"@xmlns:xsi": "http://www.w3.org/2001/XMLSchema-instance", "@xsi:type": "MandatSimple_Type", "uid": "PM297351", "acteurRef": "PA1048", "legislature": "12", "typeOrgane": "GE", "dateDebut": "2003-03-05", "datePublication": null, "dateFin": "2007-06-19", "preseance": "20", "nominPrincipale": "1", "infosQualite": {"codeQualite": "Membre", "libQualite": "Membre", "libQualiteSex": "Membre"}, "organes": {"organeRef": "PO287203"}}, {"@xmlns:xsi": "http://www.w3.org/2001/XMLSchema-instance", "@xsi:type": "MandatSimple_Type", "uid": "PM406383", "acteurRef": "PA1048", "legislature": "13", "typeOrgane": "GE", "dateDebut": "2008-01-11", "datePublication": null, "dateFin": "2011-09-30", "preseance": "20", "nominPrincipale": "1", "infosQualite": {"codeQualite": "Membre", "libQualite": "Membre", "libQualiteSex": "Membre"}, "organes": {"organeRef": "PO402949"}}, {"@xmlns:xsi": "http://www.w3.org/2001/XMLSchema-instance", "@xsi:type": "MandatSimple_Type", "uid": "PM298335", "acteurRef": "PA1048", "legislature": "12", "typeOrgane": "GE", "dateDebut": "2003-04-09", "datePublication": null, "dateFin": "2007-06-19", "preseance": "20", "nominPrincipale": "1", "infosQualite": {"codeQualite": "Membre", "libQualite": "Membre", "libQualiteSex": "Membre"}, "organes": {"organeRef": "PO285115"}}, {"@xmlns:xsi": "http://www.w3.org/2001/XMLSchema-instance", "@xsi:type": "MandatSimple_Type", "uid": "PM297964", "acteurRef": "PA1048", "legislature": "12", "typeOrgane": "GE", "dateDebut": "2002-11-27", "datePublication": null, "dateFin": "2007-06-19", "preseance": "20", "nominPrincipale": "1", "infosQualite": {"codeQualite": "Membre", "libQualite": "Membre", "libQualiteSex": "Membre"}, "organes": {"organeRef": "PO285109"}}, {"@xmlns:xsi": "http://www.w3.org/2001/XMLSchema-instance", "@xsi:type": "MandatSimple_Type", "uid": "PM299859", "acteurRef": "PA1048", "legislature": "12", "typeOrgane": "GE", "dateDebut": "2003-03-11", "datePublication": null, "dateFin": "2007-06-19", "preseance": "20", "nominPrincipale": "1", "infosQualite": {"codeQualite": "Membre", "libQualite": "Membre", "libQualiteSex": "Membre"}, "organes": {"organeRef": "PO287425"}}, {"@xmlns:xsi": "http://www.w3.org/2001/XMLSchema-instance", "@xsi:type": "MandatSimple_Type", "uid": "PM292016", "acteurRef": "PA1048", "legislature": "12", "typeOrgane": "GE", "dateDebut": "2003-02-27", "datePublication": null, "dateFin": "2007-06-19", "preseance": "20", "nominPrincipale": "1", "infosQualite": {"codeQualite": "Membre", "libQualite": "Membre", "libQualiteSex": "Membre"}, "organes": {"organeRef": "PO285055"}}, {"@xmlns:xsi": "http://www.w3.org/2001/XMLSchema-instance", "@xsi:type": "MandatSimple_Type", "uid": "PM297542", "acteurRef": "PA1048", "legislature": "12", "typeOrgane": "GE", "dateDebut": "2003-03-01", "datePublication": null, "dateFin": "2007-06-19", "preseance": "20", "nominPrincipale": "1", "infosQualite": {"codeQualite": "Membre", "libQualite": "Membre", "libQualiteSex": "Membre"}, "organes": {"organeRef": "PO285052"}}, {"@xmlns:xsi": "http://www.w3.org/2001/XMLSchema-instance", "@xsi:type": "MandatSimple_Type", "uid": "PM406894", "acteurRef": "PA1048", "legislature": "13", "typeOrgane": "GE", "dateDebut": "2008-01-16", "datePublication": null, "dateFin": "2011-09-30", "preseance": "20", "nominPrincipale": "1", "infosQualite": {"codeQualite": "Membre", "libQualite": "Membre", "libQualiteSex": "Membre"}, "organes": {"organeRef": "PO402895"}}, {"@xmlns:xsi": "http://www.w3.org/2001/XMLSchema-instance", "@xsi:type": "MandatSimple_Type", "uid": "PM291857", "acteurRef": "PA1048", "legislature": "12", "typeOrgane": "GE", "dateDebut": "2003-02-03", "datePublication": null, "dateFin": "2007-06-19", "preseance": "20", "nominPrincipale": "1", "infosQualite": {"codeQualite": "Membre", "libQualite": "Membre", "libQualiteSex": "Membre"}, "organes": {"organeRef": "PO290145"}}, {"@xmlns:xsi": "http://www.w3.org/2001/XMLSchema-instance", "@xsi:type": "MandatSimple_Type", "uid": "PM287611", "acteurRef": "PA1048", "legislature": "12", "typeOrgane": "GE", "dateDebut": "2002-12-20", "datePublication": null, "dateFin": "2007-06-19", "preseance": "20", "nominPrincipale": "1", "infosQualite": {"codeQualite": "Membre", "libQualite": "Membre", "libQualiteSex": "Membre"}, "organes": {"organeRef": "PO287326"}}, {"@xmlns:xsi": "http://www.w3.org/2001/XMLSchema-instance", "@xsi:type": "MandatSimple_Type", "uid": "PM287359", "acteurRef": "PA1048", "legislature": "12", "typeOrgane": "GE", "dateDebut": "2002-11-27", "datePublication": null, "dateFin": "2007-06-19", "preseance": "1", "nominPrincipale": "1", "infosQualite": {"codeQualite": "Pr\u00e9sident", "libQualite": "Pr\u00e9sident", "libQualiteSex": "Pr\u00e9sident"}, "organes": {"organeRef": "PO285090"}}, {"@xmlns:xsi": "http://www.w3.org/2001/XMLSchema-instance", "@xsi:type": "MandatSimple_Type", "uid": "PM291934", "acteurRef": "PA1048", "legislature": "12", "typeOrgane": "GE", "dateDebut": "2002-11-26", "datePublication": null, "dateFin": "2007-06-19", "preseance": "20", "nominPrincipale": "1", "infosQualite": {"codeQualite": "Membre", "libQualite": "Membre", "libQualiteSex": "Membre"}, "organes": {"organeRef": "PO287146"}}, {"@xmlns:xsi": "http://www.w3.org/2001/XMLSchema-instance", "@xsi:type": "MandatSimple_Type", "uid": "PM288671", "acteurRef": "PA1048", "legislature": "12", "typeOrgane": "GE", "dateDebut": "2003-01-29", "datePublication": null, "dateFin": "2007-06-19", "preseance": "20", "nominPrincipale": "1", "infosQualite": {"codeQualite": "Membre", "libQualite": "Membre", "libQualiteSex": "Membre"}, "organes": {"organeRef": "PO285117"}}, {"@xmlns:xsi": "http://www.w3.org/2001/XMLSchema-instance", "@xsi:type": "MandatSimple_Type", "uid": "PM292493", "acteurRef": "PA1048", "legislature": "12", "typeOrgane": "GE", "dateDebut": "2002-11-27", "datePublication": null, "dateFin": "2007-06-19", "preseance": "20", "nominPrincipale": "1", "infosQualite": {"codeQualite": "Membre", "libQualite": "Membre", "libQualiteSex": "Membre"}, "organes": {"organeRef": "PO285122"}}, {"@xmlns:xsi": "http://www.w3.org/2001/XMLSchema-instance", "@xsi:type": "MandatSimple_Type", "uid": "PM296853", "acteurRef": "PA1048", "legislature": "12", "typeOrgane": "GE", "dateDebut": "2003-10-14", "datePublication": null, "dateFin": "2007-06-19", "preseance": "20", "nominPrincipale": "1", "infosQualite": {"codeQualite": "Membre", "libQualite": "Membre", "libQualiteSex": "Membre"}, "organes": {"organeRef": "PO285101"}}, {"@xmlns:xsi": "http://www.w3.org/2001/XMLSchema-instance", "@xsi:type": "MandatSimple_Type", "uid": "PM403918", "acteurRef": "PA1048", "legislature": "13", "typeOrgane": "GE", "dateDebut": "2007-10-31", "datePublication": null, "dateFin": "2011-09-30", "preseance": "1", "nominPrincipale": "1", "infosQualite": {"codeQualite": "Pr\u00e9sident", "libQualite": "Pr\u00e9sident", "libQualiteSex": "Pr\u00e9sident"}, "organes": {"organeRef": "PO403160"}}, {"@xmlns:xsi": "http://www.w3.org/2001/XMLSchema-instance", "@xsi:type": "MandatSimple_Type", "uid": "PM291156", "acteurRef": "PA1048", "legislature": "12", "typeOrgane": "GE", "dateDebut": "2003-03-12", "datePublication": null, "dateFin": "2007-06-19", "preseance": "20", "nominPrincipale": "1", "infosQualite": {"codeQualite": "Membre", "libQualite": "Membre", "libQualiteSex": "Membre"}, "organes": {"organeRef": "PO285091"}}, {"@xmlns:xsi": "http://www.w3.org/2001/XMLSchema-instance", "@xsi:type": "MandatSimple_Type", "uid": "PM287338", "acteurRef": "PA1048", "legislature": "12", "typeOrgane": "GE", "dateDebut": "2002-11-26", "datePublication": null, "dateFin": "2007-06-19", "preseance": "20", "nominPrincipale": "1", "infosQualite": {"codeQualite": "Membre", "libQualite": "Membre", "libQualiteSex": "Membre"}, "organes": {"organeRef": "PO285090"}}, {"@xmlns:xsi": "http://www.w3.org/2001/XMLSchema-instance", "@xsi:type": "MandatSimple_Type", "uid": "PM408843", "acteurRef": "PA1048", "legislature": "13", "typeOrgane": "GE", "dateDebut": "2008-02-11", "datePublication": null, "dateFin": "2011-09-30", "preseance": "20", "nominPrincipale": "1", "infosQualite": {"codeQualite": "Membre", "libQualite": "Membre", "libQualiteSex": "Membre"}, "organes": {"organeRef": "PO403123"}}, {"@xmlns:xsi": "http://www.w3.org/2001/XMLSchema-instance", "@xsi:type": "MandatSimple_Type", "uid": "PM409646", "acteurRef": "PA1048", "legislature": "13", "typeOrgane": "GE", "dateDebut": "2008-02-25", "datePublication": null, "dateFin": "2011-09-30", "preseance": "20", "nominPrincipale": "1", "infosQualite": {"codeQualite": "Membre", "libQualite": "Membre", "libQualiteSex": "Membre"}, "organes": {"organeRef": "PO402925"}}, {"@xmlns:xsi": "http://www.w3.org/2001/XMLSchema-instance", "@xsi:type": "MandatSimple_Type", "uid": "PM299995", "acteurRef": "PA1048", "legislature": "12", "typeOrgane": "GE", "dateDebut": "2002-12-14", "datePublication": null, "dateFin": "2007-06-19", "preseance": "20", "nominPrincipale": "0", "infosQualite": {"codeQualite": "Membre", "libQualite": "Membre", "libQualiteSex": "Membre"}, "organes": {"organeRef": "PO285074"}}, {"@xmlns:xsi": "http://www.w3.org/2001/XMLSchema-instance", "@xsi:type": "MandatSimple_Type", "uid": "PM293275", "acteurRef": "PA1048", "legislature": "12", "typeOrgane": "GE", "dateDebut": "2003-06-19", "datePublication": null, "dateFin": "2007-06-19", "preseance": "20", "nominPrincipale": "1", "infosQualite": {"codeQualite": "Membre", "libQualite": "Membre", "libQualiteSex": "Membre"}, "organes": {"organeRef": "PO285107"}}, {"@xmlns:xsi": "http://www.w3.org/2001/XMLSchema-instance", "@xsi:type": "MandatSimple_Type", "uid": "PM425509", "acteurRef": "PA1048", "legislature": "13", "typeOrgane": "GE", "dateDebut": "2007-10-31", "datePublication": null, "dateFin": "2011-09-30", "preseance": "20", "nominPrincipale": "1", "infosQualite": {"codeQualite": "Membre", "libQualite": "Membre", "libQualiteSex": "Membre"}, "organes": {"organeRef": "PO403238"}}, {"@xmlns:xsi": "http://www.w3.org/2001/XMLSchema-instance", "@xsi:type": "MandatSimple_Type", "uid": "PM299681", "acteurRef": "PA1048", "legislature": "12", "typeOrgane": "GE", "dateDebut": "2003-10-14", "datePublication": null, "dateFin": "2007-06-19", "preseance": "20", "nominPrincipale": "1", "infosQualite": {"codeQualite": "Membre", "libQualite": "Membre", "libQualiteSex": "Membre"}, "organes": {"organeRef": "PO285075"}}, {"@xmlns:xsi": "http://www.w3.org/2001/XMLSchema-instance", "@xsi:type": "MandatSimple_Type", "uid": "PM298049", "acteurRef": "PA1048", "legislature": "12", "typeOrgane": "GE", "dateDebut": "2002-12-14", "datePublication": null, "dateFin": "2007-06-19", "preseance": "20", "nominPrincipale": "1", "infosQualite": {"codeQualite": "Membre", "libQualite": "Membre", "libQualiteSex": "Membre"}, "organes": {"organeRef": "PO285076"}}, {"@xmlns:xsi": "http://www.w3.org/2001/XMLSchema-instance", "@xsi:type": "MandatSimple_Type", "uid": "PM299573", "acteurRef": "PA1048", "legislature": "12", "typeOrgane": "GE", "dateDebut": "2003-01-21", "datePublication": null, "dateFin": "2007-06-19", "preseance": "20", "nominPrincipale": "1", "infosQualite": {"codeQualite": "Membre", "libQualite": "Membre", "libQualiteSex": "Membre"}, "organes": {"organeRef": "PO285058"}}, {"@xmlns:xsi": "http://www.w3.org/2001/XMLSchema-instance", "@xsi:type": "MandatSimple_Type", "uid": "PM291401", "acteurRef": "PA1048", "legislature": "12", "typeOrgane": "GA", "dateDebut": "2003-03-28", "datePublication": null, "dateFin": "2007-06-19", "preseance": "20", "nominPrincipale": "1", "infosQualite": {"codeQualite": "Membre", "libQualite": "Membre", "libQualiteSex": "Membre"}, "organes": {"organeRef": "PO274133"}}, {"@xmlns:xsi": "http://www.w3.org/2001/XMLSchema-instance", "@xsi:type": "MandatSimple_Type", "uid": "PM401381", "acteurRef": "PA1048", "legislature": "13", "typeOrgane": "GA", "dateDebut": "2007-10-26", "datePublication": null, "dateFin": "2011-09-30", "preseance": "20", "nominPrincipale": "1", "infosQualite": {"codeQualite": "Membre", "libQualite": "Membre", "libQualiteSex": "Membre"}, "organes": {"organeRef": "PO392689"}}, {"@xmlns:xsi": "http://www.w3.org/2001/XMLSchema-instance", "@xsi:type": "MandatSimple_Type", "uid": "PM401519", "acteurRef": "PA1048", "legislature": "13", "typeOrgane": "GA", "dateDebut": "2007-10-26", "datePublication": null, "dateFin": "2011-09-30", "preseance": "20", "nominPrincipale": "1", "infosQualite": {"codeQualite": "Membre", "libQualite": "Membre", "libQualiteSex": "Membre"}, "organes": {"organeRef": "PO393383"}}, {"@xmlns:xsi": "http://www.w3.org/2001/XMLSchema-instance", "@xsi:type": "MandatSimple_Type", "uid": "PM402004", "acteurRef": "PA1048", "legislature": "13", "typeOrgane": "GA", "dateDebut": "2007-10-30", "datePublication": null, "dateFin": "2011-09-30", "preseance": "20", "nominPrincipale": "1", "infosQualite": {"codeQualite": "Membre", "libQualite": "Membre", "libQualiteSex": "Membre"}, "organes": {"organeRef": "PO393187"}}, {"@xmlns:xsi": "http://www.w3.org/2001/XMLSchema-instance", "@xsi:type": "MandatSimple_Type", "uid": "PM283510", "acteurRef": "PA1048", "legislature": "12", "typeOrgane": "GA", "dateDebut": "2002-11-26", "datePublication": null, "dateFin": "2007-06-19", "preseance": "20", "nominPrincipale": "0", "infosQualite": {"codeQualite": "Membre", "libQualite": "Membre", "libQualiteSex": "Membre"}, "organes": {"organeRef": "PO274153"}}, {"@xmlns:xsi": "http://www.w3.org/2001/XMLSchema-instance", "@xsi:type": "MandatSimple_Type", "uid": "PM401383", "acteurRef": "PA1048", "legislature": "13", "typeOrgane": "GA", "dateDebut": "2007-10-26", "datePublication": null, "dateFin": "2011-09-30", "preseance": "20", "nominPrincipale": "1", "infosQualite": {"codeQualite": "Membre", "libQualite": "Membre", "libQualiteSex": "Membre"}, "organes": {"organeRef": "PO392785"}}, {"@xmlns:xsi": "http://www.w3.org/2001/XMLSchema-instance", "@xsi:type": "MandatSimple_Type", "uid": "PM401385", "acteurRef": "PA1048", "legislature": "13", "typeOrgane": "GA", "dateDebut": "2007-10-26", "datePublication": null, "dateFin": "2011-09-30", "preseance": "20", "nominPrincipale": "1", "infosQualite": {"codeQualite": "Membre", "libQualite": "Membre", "libQualiteSex": "Membre"}, "organes": {"organeRef": "PO392855"}}, {"@xmlns:xsi": "http://www.w3.org/2001/XMLSchema-instance", "@xsi:type": "MandatSimple_Type", "uid": "PM401387", "acteurRef": "PA1048", "legislature": "13", "typeOrgane": "GA", "dateDebut": "2007-10-26", "datePublication": null, "dateFin": "2011-09-30", "preseance": "20", "nominPrincipale": "1", "infosQualite": {"codeQualite": "Membre", "libQualite": "Membre", "libQualiteSex": "Membre"}, "organes": {"organeRef": "PO393070"}}, {"@xmlns:xsi": "http://www.w3.org/2001/XMLSchema-instance", "@xsi:type": "MandatSimple_Type", "uid": "PM401380", "acteurRef": "PA1048", "legislature": "13", "typeOrgane": "GA", "dateDebut": "2007-10-26", "datePublication": null, "dateFin": "2011-09-30", "preseance": "20", "nominPrincipale": "1", "infosQualite": {"codeQualite": "Membre", "libQualite": "Membre", "libQualiteSex": "Membre"}, "organes": {"organeRef": "PO392674"}}, {"@xmlns:xsi": "http://www.w3.org/2001/XMLSchema-instance", "@xsi:type": "MandatSimple_Type", "uid": "PM402003", "acteurRef": "PA1048", "legislature": "13", "typeOrgane": "GA", "dateDebut": "2007-10-30", "datePublication": null, "dateFin": "2011-09-30", "preseance": "20", "nominPrincipale": "1", "infosQualite": {"codeQualite": "Membre", "libQualite": "Membre", "libQualiteSex": "Membre"}, "organes": {"organeRef": "PO392694"}}, {"@xmlns:xsi": "http://www.w3.org/2001/XMLSchema-instance", "@xsi:type": "MandatSimple_Type", "uid": "PM401382", "acteurRef": "PA1048", "legislature": "13", "typeOrgane": "GA", "dateDebut": "2007-10-26", "datePublication": null, "dateFin": "2011-09-30", "preseance": "20", "nominPrincipale": "1", "infosQualite": {"codeQualite": "Membre", "libQualite": "Membre", "libQualiteSex": "Membre"}, "organes": {"organeRef": "PO392750"}}, {"@xmlns:xsi": "http://www.w3.org/2001/XMLSchema-instance", "@xsi:type": "MandatSimple_Type", "uid": "PM401384", "acteurRef": "PA1048", "legislature": "13", "typeOrgane": "GA", "dateDebut": "2007-10-26", "datePublication": null, "dateFin": "2011-09-30", "preseance": "20", "nominPrincipale": "1", "infosQualite": {"codeQualite": "Membre", "libQualite": "Membre", "libQualiteSex": "Membre"}, "organes": {"organeRef": "PO392840"}}, {"@xmlns:xsi": "http://www.w3.org/2001/XMLSchema-instance", "@xsi:type": "MandatSimple_Type", "uid": "PM401386", "acteurRef": "PA1048", "legislature": "13", "typeOrgane": "GA", "dateDebut": "2007-10-26", "datePublication": null, "dateFin": "2011-09-30", "preseance": "20", "nominPrincipale": "1", "infosQualite": {"codeQualite": "Membre", "libQualite": "Membre", "libQualiteSex": "Membre"}, "organes": {"organeRef": "PO392895"}}, {"@xmlns:xsi": "http://www.w3.org/2001/XMLSchema-instance", "@xsi:type": "MandatSimple_Type", "uid": "PM401388", "acteurRef": "PA1048", "legislature": "13", "typeOrgane": "GA", "dateDebut": "2007-10-26", "datePublication": null, "dateFin": "2011-09-30", "preseance": "20", "nominPrincipale": "1", "infosQualite": {"codeQualite": "Membre", "libQualite": "Membre", "libQualiteSex": "Membre"}, "organes": {"organeRef": "PO393338"}}, {"@xmlns:xsi": "http://www.w3.org/2001/XMLSchema-instance", "@xsi:type": "MandatSimple_Type", "uid": "PM387445", "acteurRef": "PA1048", "legislature": "13", "typeOrgane": "GP", "dateDebut": "2007-06-20", "datePublication": null, "dateFin": "2007-06-26", "preseance": "28", "nominPrincipale": "1", "infosQualite": {"codeQualite": "D\u00e9put\u00e9 non-inscrit", "libQualite": "D\u00e9put\u00e9 non-inscrit", "libQualiteSex": "D\u00e9put\u00e9 non-inscrit"}, "organes": {"organeRef": "PO387155"}}, {"@xmlns:xsi": "http://www.w3.org/2001/XMLSchema-instance", "@xsi:type": "MandatSimple_Type", "uid": "PM475765", "acteurRef": "PA1048", "legislature": null, "typeOrgane": "CMP", "dateDebut": "2012-01-12", "datePublication": "2012-01-14", "dateFin": "2012-02-29", "preseance": "28", "nominPrincipale": "1", "infosQualite": {"codeQualite": "Suppl\u00e9ant", "libQualite": "Membre suppl\u00e9ant", "libQualiteSex": "Membre suppl\u00e9ant"}, "organes": {"organeRef": "PO474593"}}, {"@xmlns:xsi": "http://www.w3.org/2001/XMLSchema-instance", "@xsi:type": "MandatSimple_Type", "uid": "PM471131", "acteurRef": "PA1048", "legislature": null, "typeOrgane": "CMP", "dateDebut": "2012-01-09", "datePublication": "2012-01-10", "dateFin": "2012-03-06", "preseance": "28", "nominPrincipale": "1", "infosQualite": {"codeQualite": "Suppl\u00e9ant", "libQualite": "Membre suppl\u00e9ant", "libQualiteSex": "Membre suppl\u00e9ant"}, "organes": {"organeRef": "PO447437"}}, {"@xmlns:xsi": "http://www.w3.org/2001/XMLSchema-instance", "@xsi:type": "MandatSimple_Type", "uid": "PM709868", "acteurRef": "PA1048", "legislature": null, "typeOrgane": "CMP", "dateDebut": "2015-10-31", "datePublication": "2015-10-31", "dateFin": "2015-11-04", "preseance": "28", "nominPrincipale": "1", "infosQualite": {"codeQualite": "Suppl\u00e9ant", "libQualite": "Membre suppl\u00e9ant", "libQualiteSex": "Membre suppl\u00e9ant"}, "organes": {"organeRef": "PO709833"}}, {"@xmlns:xsi": "http://www.w3.org/2001/XMLSchema-instance", "@xsi:type": "MandatSimple_Type", "uid": "PM708572", "acteurRef": "PA1048", "legislature": null, "typeOrgane": "CMP", "dateDebut": "2015-06-10", "datePublication": "2015-06-13", "dateFin": "2015-06-17", "preseance": "28", "nominPrincipale": "1", "infosQualite": {"codeQualite": "Suppl\u00e9ant", "libQualite": "Membre suppl\u00e9ant", "libQualiteSex": "Membre suppl\u00e9ant"}, "organes": {"organeRef": "PO708438"}}, {"@xmlns:xsi": "http://www.w3.org/2001/XMLSchema-instance", "@xsi:type": "MandatSimple_Type", "uid": "PM701161", "acteurRef": "PA1048", "legislature": null, "typeOrgane": "CMP", "dateDebut": "2014-05-06", "datePublication": "2014-05-08", "dateFin": "2014-05-15", "preseance": "28", "nominPrincipale": "1", "infosQualite": {"codeQualite": "Suppl\u00e9ant", "libQualite": "Membre suppl\u00e9ant", "libQualiteSex": "Membre suppl\u00e9ant"}, "organes": {"organeRef": "PO701096"}}, {"@xmlns:xsi": "http://www.w3.org/2001/XMLSchema-instance", "@xsi:type": "MandatSimple_Type", "uid": "PM706538", "acteurRef": "PA1048", "legislature": null, "typeOrgane": "CMP", "dateDebut": "2015-03-04", "datePublication": "2015-03-11", "dateFin": "2015-03-19", "preseance": "28", "nominPrincipale": "1", "infosQualite": {"codeQualite": "Suppl\u00e9ant", "libQualite": "Membre suppl\u00e9ant", "libQualiteSex": "Membre suppl\u00e9ant"}, "organes": {"organeRef": "PO706057"}}, {"@xmlns:xsi": "http://www.w3.org/2001/XMLSchema-instance", "@xsi:type": "MandatSimple_Type", "uid": "PM471155", "acteurRef": "PA1048", "legislature": null, "typeOrgane": "CMP", "dateDebut": "2012-01-09", "datePublication": "2012-01-10", "dateFin": "2012-01-26", "preseance": "28", "nominPrincipale": "1", "infosQualite": {"codeQualite": "Suppl\u00e9ant", "libQualite": "Membre suppl\u00e9ant", "libQualiteSex": "Membre suppl\u00e9ant"}, "organes": {"organeRef": "PO450932"}}, {"@xmlns:xsi": "http://www.w3.org/2001/XMLSchema-instance", "@xsi:type": "MandatSimple_Type", "uid": "PM701134", "acteurRef": "PA1048", "legislature": null, "typeOrgane": "CMP", "dateDebut": "2014-04-30", "datePublication": "2014-05-08", "dateFin": "2014-05-15", "preseance": "28", "nominPrincipale": "1", "infosQualite": {"codeQualite": "Suppl\u00e9ant", "libQualite": "Membre suppl\u00e9ant", "libQualiteSex": "Membre suppl\u00e9ant"}, "organes": {"organeRef": "PO700948"}}, {"@xmlns:xsi": "http://www.w3.org/2001/XMLSchema-instance", "@xsi:type": "MandatSimple_Type", "uid": "PM712161", "acteurRef": "PA1048", "legislature": null, "typeOrgane": "CMP", "dateDebut": "2016-03-02", "datePublication": "2016-03-18", "dateFin": "2016-03-30", "preseance": "28", "nominPrincipale": "1", "infosQualite": {"codeQualite": "Suppl\u00e9ant", "libQualite": "Membre suppl\u00e9ant", "libQualiteSex": "Membre suppl\u00e9ant"}, "organes": {"organeRef": "PO711322"}}, {"@xmlns:xsi": "http://www.w3.org/2001/XMLSchema-instance", "@xsi:type": "MandatSimple_Type", "uid": "PM685269", "acteurRef": "PA1048", "legislature": null, "typeOrgane": "CMP", "dateDebut": "2012-11-29", "datePublication": "2012-11-05", "dateFin": "2012-12-13", "preseance": "28", "nominPrincipale": "1", "infosQualite": {"codeQualite": "Suppl\u00e9ant", "libQualite": "Membre suppl\u00e9ant", "libQualiteSex": "Membre suppl\u00e9ant"}, "organes": {"organeRef": "PO685125"}}, {"@xmlns:xsi": "http://www.w3.org/2001/XMLSchema-instance", "@xsi:type": "MandatSimple_Type", "uid": "PM701688", "acteurRef": "PA1048", "legislature": null, "typeOrgane": "CMP", "dateDebut": "2014-05-28", "datePublication": "2014-06-04", "dateFin": "2014-06-23", "preseance": "28", "nominPrincipale": "1", "infosQualite": {"codeQualite": "Suppl\u00e9ant", "libQualite": "Membre suppl\u00e9ant", "libQualiteSex": "Membre suppl\u00e9ant"}, "organes": {"organeRef": "PO701542"}}, {"@xmlns:xsi": "http://www.w3.org/2001/XMLSchema-instance", "@xsi:type": "MandatSimple_Type", "uid": "PM300036", "acteurRef": "PA1048", "legislature": "12", "typeOrgane": "GE", "dateDebut": "2002-12-14", "datePublication": null, "dateFin": "2007-06-19", "preseance": "8", "nominPrincipale": "1", "infosQualite": {"codeQualite": "Vice-Pr\u00e9sident", "libQualite": "Vice-Pr\u00e9sident", "libQualiteSex": "Vice-Pr\u00e9sident"}, "organes": {"organeRef": "PO285074"}}, {"@xmlns:xsi": "http://www.w3.org/2001/XMLSchema-instance", "@xsi:type": "MandatSimple_Type", "uid": "PM403851", "acteurRef": "PA1048", "legislature": "13", "typeOrgane": "GA", "dateDebut": "2007-11-20", "datePublication": null, "dateFin": "2011-09-30", "preseance": "8", "nominPrincipale": "1", "infosQualite": {"codeQualite": "Vice-Pr\u00e9sident", "libQualite": "Vice-Pr\u00e9sident", "libQualiteSex": "Vice-Pr\u00e9sident"}, "organes": {"organeRef": "PO393383"}}, {"@xmlns:xsi": "http://www.w3.org/2001/XMLSchema-instance", "@xsi:type": "MandatSimple_Type", "uid": "PM283511", "acteurRef": "PA1048", "legislature": "12", "typeOrgane": "GA", "dateDebut": "2002-11-26", "datePublication": null, "dateFin": "2007-06-19", "preseance": "8", "nominPrincipale": "1", "infosQualite": {"codeQualite": "Vice-Pr\u00e9sident", "libQualite": "Vice-Pr\u00e9sident", "libQualiteSex": "Vice-Pr\u00e9sident"}, "organes": {"organeRef": "PO274153"}}, {"@xmlns:xsi": "http://www.w3.org/2001/XMLSchema-instance", "@xsi:type": "MandatParlementaire_type", "uid": "PM386158", "acteurRef": "PA1048", "legislature": "13", "typeOrgane": "ASSEMBLEE", "dateDebut": "2007-06-20", "datePublication": null, "dateFin": "2011-09-30", "preseance": "50", "nominPrincipale": "1", "infosQualite": {"codeQualite": "membre", "libQualite": "membre", "libQualiteSex": "membre"}, "organes": {"organeRef": "PO384266"}, "suppleants": {"suppleant": {"dateDebut": "2007-06-20", "dateFin": "2011-09-30", "suppleantRef": "PA1045"}}, "chambre": null, "election": {"lieu": {"region": "Hauts-de-France", "regionType": "M\u00e9tropolitain", "departement": "Nord", "numDepartement": "59", "numCirco": "13"}, "causeMandat": "\u00e9lections g\u00e9n\u00e9rales", "refCirconscription": "PO384555"}, "mandature": {"datePriseFonction": "2007-06-20", "causeFin": "\u00c9lection au S\u00e9nat", "premiereElection": "1", "placeHemicycle": null, "mandatRemplaceRef": null}, "collaborateurs": null}, {"@xmlns:xsi": "http://www.w3.org/2001/XMLSchema-instance", "@xsi:type": "MandatParlementaire_type", "uid": "PM267761", "acteurRef": "PA1048", "legislature": "12", "typeOrgane": "ASSEMBLEE", "dateDebut": "2002-06-19", "datePublication": null, "dateFin": "2007-06-19", "preseance": "50", "nominPrincipale": "1", "infosQualite": {"codeQualite": "membre", "libQualite": "membre", "libQualiteSex": "membre"}, "organes": {"organeRef": "PO230434"}, "suppleants": {"suppleant": {"dateDebut": "2002-06-19", "dateFin": "2007-06-19", "suppleantRef": "PA267760"}}, "chambre": null, "election": {"lieu": {"region": "Hauts-de-France", "regionType": "M\u00e9tropolitain", "departement": "Nord", "numDepartement": "59", "numCirco": "13"}, "causeMandat": "\u00e9lections g\u00e9n\u00e9rales", "refCirconscription": "PO230723"}, "mandature": {"datePriseFonction": "2002-06-19", "causeFin": "Fin de l\u00e9gislature", "premiereElection": "1", "placeHemicycle": null, "mandatRemplaceRef": null}, "collaborateurs": null}]}}}