{"acteur": {"@xmlns": "http://schemas.assemblee-nationale.fr/referentiel", "uid": {"@xmlns:xsi": "http://www.w3.org/2001/XMLSchema-instance", "@xsi:type": "IdActeur_type", "#text": "PA1452"}, "etatCivil": {"ident": {"civ": "Mme", "prenom": "Catherine", "nom": "G\u00e9nisson", "alpha": "Genisson", "trigramme": {"@xmlns:xsi": "http://www.w3.org/2001/XMLSchema-instance", "@xsi:nil": "true"}}, "infoNaissance": {"dateNais": "1949-04-22", "villeNais": "Paris", "depNais": "Paris", "paysNais": {"@xmlns:xsi": "http://www.w3.org/2001/XMLSchema-instance", "@xsi:nil": "true"}}, "dateDeces": {"@xmlns:xsi": "http://www.w3.org/2001/XMLSchema-instance", "@xsi:nil": "true"}}, "profession": {"libelleCourant": "Praticien hospitalier", "socProcINSEE": {"catSocPro": "Professions lib\u00e9rales et assimil\u00e9s", "famSocPro": "Cadres et professions intellectuelles sup\u00e9rieures"}}, "uri_hatvp": {"@xmlns:xsi": "http://www.w3.org/2001/XMLSchema-instance", "@xsi:nil": "true"}, "adresses": {"adresse": [{"@xmlns:xsi": "http://www.w3.org/2001/XMLSchema-instance", "@xsi:type": "AdressePostale_Type", "uid": "AD386889", "type": "0", "typeLibelle": "Adresse officielle", "poids": "1", "adresseDeRattachement": null, "intitule": "Assembl\u00e9e nationale,", "numeroRue": "126", "nomRue": "Rue de l'Universit\u00e9,", "complementAdresse": null, "codePostal": "75355", "ville": "Paris 07 SP"}, {"@xmlns:xsi": "http://www.w3.org/2001/XMLSchema-instance", "@xsi:type": "AdresseMail_Type", "uid": "AD391730", "type": "15", "typeLibelle": "M\u00e8l", "poids": null, "adresseDeRattachement": null, "valElec": "cgenisson@assemblee-nationale.fr"}]}, "mandats": {"mandat": [{"@xmlns:xsi": "http://www.w3.org/2001/XMLSchema-instance", "@xsi:type": "MandatSimple_Type", "uid": "PM391135", "acteurRef": "PA1452", "legislature": "13", "typeOrgane": "DELEGBUREAU", "dateDebut": "2007-06-28", "datePublication": null, "dateFin": "2008-10-08", "preseance": "24", "nominPrincipale": "0", "infosQualite": {"codeQualite": "Membre", "libQualite": "Membre", "libQualiteSex": "Membre"}, "organes": {"organeRef": "PO391126"}}, {"@xmlns:xsi": "http://www.w3.org/2001/XMLSchema-instance", "@xsi:type": "MandatSimple_Type", "uid": "PM391185", "acteurRef": "PA1452", "legislature": "13", "typeOrgane": "DELEGBUREAU", "dateDebut": "2007-06-28", "datePublication": null, "dateFin": "2008-10-08", "preseance": "24", "nominPrincipale": "1", "infosQualite": {"codeQualite": "Membre", "libQualite": "Membre", "libQualiteSex": "Membre"}, "organes": {"organeRef": "PO391180"}}, {"@xmlns:xsi": "http://www.w3.org/2001/XMLSchema-instance", "@xsi:type": "MandatSimple_Type", "uid": "PM273472", "acteurRef": "PA1452", "legislature": "12", "typeOrgane": "DELEG", "dateDebut": "2002-07-03", "datePublication": "2002-07-03", "dateFin": "2007-06-19", "preseance": "20", "nominPrincipale": "1", "infosQualite": {"codeQualite": "Membre", "libQualite": "Membre", "libQualiteSex": "Membre"}, "organes": {"organeRef": "PO201269"}}, {"@xmlns:xsi": "http://www.w3.org/2001/XMLSchema-instance", "@xsi:type": "MandatSimple_Type", "uid": "PM436969", "acteurRef": "PA1452", "legislature": null, "typeOrgane": "DELEGSENAT", "dateDebut": "2011-11-30", "datePublication": null, "dateFin": null, "preseance": "4", "nominPrincipale": "1", "infosQualite": {"codeQualite": "Membre", "libQualite": "Membre", "libQualiteSex": "Membre"}, "organes": {"organeRef": "PO310693"}}, {"@xmlns:xsi": "http://www.w3.org/2001/XMLSchema-instance", "@xsi:type": "MandatSimple_Type", "uid": "PM705036", "acteurRef": "PA1452", "legislature": null, "typeOrgane": "DELEGSENAT", "dateDebut": "2014-11-26", "datePublication": null, "dateFin": null, "preseance": "4", "nominPrincipale": "1", "infosQualite": {"codeQualite": "Membre", "libQualite": "Membre", "libQualiteSex": "Membre"}, "organes": {"organeRef": "PO704856"}}, {"@xmlns:xsi": "http://www.w3.org/2001/XMLSchema-instance", "@xsi:type": "MandatMission_Type", "uid": "PM414646", "acteurRef": "PA1452", "legislature": "13", "typeOrgane": "MISINFOPRE", "dateDebut": "2008-07-09", "datePublication": "2008-07-10", "dateFin": "2010-01-22", "preseance": "20", "nominPrincipale": "1", "infosQualite": {"codeQualite": "Membre", "libQualite": "Membre", "libQualiteSex": "Membre"}, "organes": {"organeRef": "PO414626"}, "libelle": null, "missionSuivanteRef": null, "missionPrecedenteRef": null}, {"@xmlns:xsi": "http://www.w3.org/2001/XMLSchema-instance", "@xsi:type": "MandatMission_Type", "uid": "PM314409", "acteurRef": "PA1452", "legislature": "12", "typeOrgane": "MISINFOPRE", "dateDebut": "2005-10-13", "datePublication": "2005-10-14", "dateFin": "2007-06-19", "preseance": "20", "nominPrincipale": "1", "infosQualite": {"codeQualite": "Membre", "libQualite": "Membre", "libQualiteSex": "Membre"}, "organes": {"organeRef": "PO314272"}, "libelle": null, "missionSuivanteRef": null, "missionPrecedenteRef": null}, {"@xmlns:xsi": "http://www.w3.org/2001/XMLSchema-instance", "@xsi:type": "MandatSimple_Type", "uid": "PM395835", "acteurRef": "PA1452", "legislature": "13", "typeOrgane": "API", "dateDebut": "2007-10-01", "datePublication": "2007-10-02", "dateFin": "2011-09-30", "preseance": "20", "nominPrincipale": "1", "infosQualite": {"codeQualite": "Membre", "libQualite": "Membre", "libQualiteSex": "Membre"}, "organes": {"organeRef": "PO206064"}}, {"@xmlns:xsi": "http://www.w3.org/2001/XMLSchema-instance", "@xsi:type": "MandatMission_Type", "uid": "PM309075", "acteurRef": "PA1452", "legislature": "12", "typeOrgane": "MISINFO", "dateDebut": "2004-12-15", "datePublication": "2004-12-15", "dateFin": "2007-06-19", "preseance": "10", "nominPrincipale": "1", "infosQualite": {"codeQualite": "Membre", "libQualite": "Membre", "libQualiteSex": "Membre"}, "organes": {"organeRef": "PO309058"}, "libelle": null, "missionSuivanteRef": null, "missionPrecedenteRef": null}, {"@xmlns:xsi": "http://www.w3.org/2001/XMLSchema-instance", "@xsi:type": "MandatSimple_Type", "uid": "PM279818", "acteurRef": "PA1452", "legislature": "12", "typeOrgane": "GEVI", "dateDebut": "2002-10-30", "datePublication": null, "dateFin": "2007-06-19", "preseance": "20", "nominPrincipale": "1", "infosQualite": {"codeQualite": "Membre", "libQualite": "Membre", "libQualiteSex": "Membre"}, "organes": {"organeRef": "PO274044"}}, {"@xmlns:xsi": "http://www.w3.org/2001/XMLSchema-instance", "@xsi:type": "MandatSimple_Type", "uid": "PM279826", "acteurRef": "PA1452", "legislature": "12", "typeOrgane": "GEVI", "dateDebut": "2002-10-30", "datePublication": null, "dateFin": "2007-06-19", "preseance": "20", "nominPrincipale": "1", "infosQualite": {"codeQualite": "Membre", "libQualite": "Membre", "libQualiteSex": "Membre"}, "organes": {"organeRef": "PO274043"}}, {"@xmlns:xsi": "http://www.w3.org/2001/XMLSchema-instance", "@xsi:type": "MandatMission_Type", "uid": "PM393899", "acteurRef": "PA1452", "legislature": "13", "typeOrgane": "MISINFO", "dateDebut": "2007-07-11", "datePublication": null, "dateFin": "2011-09-30", "preseance": "10", "nominPrincipale": "1", "infosQualite": {"codeQualite": "Membre", "libQualite": "Membre", "libQualiteSex": "Membre"}, "organes": {"organeRef": "PO393884"}, "libelle": null, "missionSuivanteRef": null, "missionPrecedenteRef": null}, {"@xmlns:xsi": "http://www.w3.org/2001/XMLSchema-instance", "@xsi:type": "MandatSimple_Type", "uid": "PM425618", "acteurRef": "PA1452", "legislature": "13", "typeOrgane": "CNPS", "dateDebut": "2010-11-10", "datePublication": "2011-11-11", "dateFin": "2011-06-23", "preseance": "20", "nominPrincipale": "1", "infosQualite": {"codeQualite": "Membre", "libQualite": "Membre", "libQualiteSex": "Membre"}, "organes": {"organeRef": "PO425550"}}, {"@xmlns:xsi": "http://www.w3.org/2001/XMLSchema-instance", "@xsi:type": "MandatSimple_Type", "uid": "PM423403", "acteurRef": "PA1452", "legislature": "13", "typeOrgane": "CNPE", "dateDebut": "2010-03-30", "datePublication": "2010-03-31", "dateFin": "2010-03-30", "preseance": "20", "nominPrincipale": "1", "infosQualite": {"codeQualite": "Membre", "libQualite": "Membre", "libQualiteSex": "Membre"}, "organes": {"organeRef": "PO423145"}}, {"@xmlns:xsi": "http://www.w3.org/2001/XMLSchema-instance", "@xsi:type": "MandatSimple_Type", "uid": "PM391140", "acteurRef": "PA1452", "legislature": "13", "typeOrgane": "DELEGBUREAU", "dateDebut": "2007-06-28", "datePublication": null, "dateFin": "2008-10-08", "preseance": "1", "nominPrincipale": "1", "infosQualite": {"codeQualite": "Pr\u00e9sident", "libQualite": "Pr\u00e9sident", "libQualiteSex": "Pr\u00e9sidente"}, "organes": {"organeRef": "PO391126"}}, {"@xmlns:xsi": "http://www.w3.org/2001/XMLSchema-instance", "@xsi:type": "MandatAvecSuppleant_Type", "uid": "PM403473", "acteurRef": "PA1452", "legislature": "13", "typeOrgane": "OFFPAR", "dateDebut": "2007-10-30", "datePublication": "2007-10-31", "dateFin": "2009-06-15", "preseance": "52", "nominPrincipale": "1", "infosQualite": {"codeQualite": "Membre", "libQualite": "Membre d\u00e9sign\u00e9 par les groupes", "libQualiteSex": "Membre d\u00e9sign\u00e9e par les groupes"}, "organes": {"organeRef": "PO60146"}, "suppleants": null}, {"@xmlns:xsi": "http://www.w3.org/2001/XMLSchema-instance", "@xsi:type": "MandatSimple_Type", "uid": "PM390159", "acteurRef": "PA1452", "legislature": "13", "typeOrgane": "GP", "dateDebut": "2007-06-27", "datePublication": "2007-06-27", "dateFin": "2011-09-30", "preseance": "20", "nominPrincipale": "1", "infosQualite": {"codeQualite": "Membre", "libQualite": "Membre du", "libQualiteSex": "Membre du"}, "organes": {"organeRef": "PO389507"}}, {"@xmlns:xsi": "http://www.w3.org/2001/XMLSchema-instance", "@xsi:type": "MandatSimple_Type", "uid": "PM271385", "acteurRef": "PA1452", "legislature": "12", "typeOrgane": "GP", "dateDebut": "2002-06-25", "datePublication": "2002-06-26", "dateFin": "2007-06-19", "preseance": "20", "nominPrincipale": "1", "infosQualite": {"codeQualite": "Membre", "libQualite": "Membre du", "libQualiteSex": "Membre du"}, "organes": {"organeRef": "PO270907"}}, {"@xmlns:xsi": "http://www.w3.org/2001/XMLSchema-instance", "@xsi:type": "MandatSimple_Type", "uid": "PM271920", "acteurRef": "PA1452", "legislature": "12", "typeOrgane": "COMPER", "dateDebut": "2002-06-26", "datePublication": "2002-06-27", "dateFin": "2007-06-19", "preseance": "32", "nominPrincipale": "1", "infosQualite": {"codeQualite": "Membre", "libQualite": "Membre", "libQualiteSex": "Membre"}, "organes": {"organeRef": "PO59045"}}, {"@xmlns:xsi": "http://www.w3.org/2001/XMLSchema-instance", "@xsi:type": "MandatSimple_Type", "uid": "PM390492", "acteurRef": "PA1452", "legislature": "13", "typeOrgane": "COMPER", "dateDebut": "2007-06-27", "datePublication": "2007-06-28", "dateFin": "2009-06-30", "preseance": "32", "nominPrincipale": "1", "infosQualite": {"codeQualite": "Membre", "libQualite": "Membre", "libQualiteSex": "Membre"}, "organes": {"organeRef": "PO59045"}}, {"@xmlns:xsi": "http://www.w3.org/2001/XMLSchema-instance", "@xsi:type": "MandatSimple_Type", "uid": "PM420702", "acteurRef": "PA1452", "legislature": "13", "typeOrgane": "COMPER", "dateDebut": "2009-07-01", "datePublication": "2009-07-01", "dateFin": "2011-09-30", "preseance": "32", "nominPrincipale": "0", "infosQualite": {"codeQualite": "Membre", "libQualite": "Membre", "libQualiteSex": "Membre"}, "organes": {"organeRef": "PO420120"}}, {"@xmlns:xsi": "http://www.w3.org/2001/XMLSchema-instance", "@xsi:type": "MandatSimple_Type", "uid": "PM416715", "acteurRef": "PA1452", "legislature": "13", "typeOrgane": "CMP", "dateDebut": "2008-11-21", "datePublication": "2008-11-22", "dateFin": "2008-12-08", "preseance": "20", "nominPrincipale": "1", "infosQualite": {"codeQualite": "Titulaire", "libQualite": "Membre titulaire", "libQualiteSex": "Membre titulaire"}, "organes": {"organeRef": "PO416705"}}, {"@xmlns:xsi": "http://www.w3.org/2001/XMLSchema-instance", "@xsi:type": "MandatSimple_Type", "uid": "PM419412", "acteurRef": "PA1452", "legislature": "13", "typeOrgane": "CMP", "dateDebut": "2009-06-08", "datePublication": "2009-06-11", "dateFin": "2009-07-01", "preseance": "20", "nominPrincipale": "1", "infosQualite": {"codeQualite": "Titulaire", "libQualite": "Membre titulaire", "libQualiteSex": "Membre titulaire"}, "organes": {"organeRef": "PO419397"}}, {"@xmlns:xsi": "http://www.w3.org/2001/XMLSchema-instance", "@xsi:type": "MandatSimple_Type", "uid": "PM323292", "acteurRef": "PA1452", "legislature": "12", "typeOrgane": "ORGEXTPARL", "dateDebut": "2006-05-12", "datePublication": "2006-05-13", "dateFin": "2007-06-19", "preseance": "20", "nominPrincipale": "1", "infosQualite": {"codeQualite": "Titulaire", "libQualite": "Membre titulaire", "libQualiteSex": "Membre titulaire"}, "organes": {"organeRef": "PO323289"}}, {"@xmlns:xsi": "http://www.w3.org/2001/XMLSchema-instance", "@xsi:type": "MandatSimple_Type", "uid": "PM275004", "acteurRef": "PA1452", "legislature": "12", "typeOrgane": "ORGEXTPARL", "dateDebut": "2002-09-03", "datePublication": "2002-09-05", "dateFin": "2007-06-19", "preseance": "20", "nominPrincipale": "1", "infosQualite": {"codeQualite": "Titulaire", "libQualite": "Membre titulaire", "libQualiteSex": "Membre titulaire"}, "organes": {"organeRef": "PO60253"}}, {"@xmlns:xsi": "http://www.w3.org/2001/XMLSchema-instance", "@xsi:type": "MandatSimple_Type", "uid": "PM427374", "acteurRef": "PA1452", "legislature": "13", "typeOrgane": "ORGEXTPARL", "dateDebut": "2011-01-14", "datePublication": "2011-01-15", "dateFin": "2011-09-30", "preseance": "20", "nominPrincipale": "1", "infosQualite": {"codeQualite": "Titulaire", "libQualite": "Membre titulaire", "libQualiteSex": "Membre titulaire"}, "organes": {"organeRef": "PO323289"}}, {"@xmlns:xsi": "http://www.w3.org/2001/XMLSchema-instance", "@xsi:type": "MandatSimple_Type", "uid": "PM394577", "acteurRef": "PA1452", "legislature": "13", "typeOrgane": "ORGEXTPARL", "dateDebut": "2007-08-01", "datePublication": "2007-08-02", "dateFin": "2010-08-01", "preseance": "20", "nominPrincipale": "1", "infosQualite": {"codeQualite": "Titulaire", "libQualite": "Membre titulaire", "libQualiteSex": "Membre titulaire"}, "organes": {"organeRef": "PO323289"}}, {"@xmlns:xsi": "http://www.w3.org/2001/XMLSchema-instance", "@xsi:type": "MandatSimple_Type", "uid": "PM302216", "acteurRef": "PA1452", "legislature": "12", "typeOrgane": "GE", "dateDebut": "2003-01-28", "datePublication": null, "dateFin": "2007-06-19", "preseance": "20", "nominPrincipale": "0", "infosQualite": {"codeQualite": "Membre", "libQualite": "Membre", "libQualiteSex": "Membre"}, "organes": {"organeRef": "PO285123"}}, {"@xmlns:xsi": "http://www.w3.org/2001/XMLSchema-instance", "@xsi:type": "MandatSimple_Type", "uid": "PM286341", "acteurRef": "PA1452", "legislature": "12", "typeOrgane": "GE", "dateDebut": "2002-12-18", "datePublication": null, "dateFin": "2007-06-19", "preseance": "20", "nominPrincipale": "1", "infosQualite": {"codeQualite": "Membre", "libQualite": "Membre", "libQualiteSex": "Membre"}, "organes": {"organeRef": "PO285047"}}, {"@xmlns:xsi": "http://www.w3.org/2001/XMLSchema-instance", "@xsi:type": "MandatSimple_Type", "uid": "PM294556", "acteurRef": "PA1452", "legislature": "12", "typeOrgane": "GE", "dateDebut": "2002-11-27", "datePublication": null, "dateFin": "2007-06-19", "preseance": "20", "nominPrincipale": "1", "infosQualite": {"codeQualite": "Membre", "libQualite": "Membre", "libQualiteSex": "Membre"}, "organes": {"organeRef": "PO285088"}}, {"@xmlns:xsi": "http://www.w3.org/2001/XMLSchema-instance", "@xsi:type": "MandatSimple_Type", "uid": "PM288409", "acteurRef": "PA1452", "legislature": "12", "typeOrgane": "GE", "dateDebut": "2002-12-17", "datePublication": null, "dateFin": "2007-06-19", "preseance": "20", "nominPrincipale": "1", "infosQualite": {"codeQualite": "Membre", "libQualite": "Membre", "libQualiteSex": "Membre"}, "organes": {"organeRef": "PO285129"}}, {"@xmlns:xsi": "http://www.w3.org/2001/XMLSchema-instance", "@xsi:type": "MandatSimple_Type", "uid": "PM405912", "acteurRef": "PA1452", "legislature": "13", "typeOrgane": "GE", "dateDebut": "2007-12-20", "datePublication": null, "dateFin": "2011-09-30", "preseance": "20", "nominPrincipale": "1", "infosQualite": {"codeQualite": "Membre", "libQualite": "Membre", "libQualiteSex": "Membre"}, "organes": {"organeRef": "PO403141"}}, {"@xmlns:xsi": "http://www.w3.org/2001/XMLSchema-instance", "@xsi:type": "MandatSimple_Type", "uid": "PM295609", "acteurRef": "PA1452", "legislature": "12", "typeOrgane": "GE", "dateDebut": "2003-02-05", "datePublication": null, "dateFin": "2007-06-19", "preseance": "20", "nominPrincipale": "1", "infosQualite": {"codeQualite": "Membre", "libQualite": "Membre", "libQualiteSex": "Membre"}, "organes": {"organeRef": "PO285054"}}, {"@xmlns:xsi": "http://www.w3.org/2001/XMLSchema-instance", "@xsi:type": "MandatSimple_Type", "uid": "PM407486", "acteurRef": "PA1452", "legislature": "13", "typeOrgane": "GE", "dateDebut": "2008-01-22", "datePublication": null, "dateFin": "2011-09-30", "preseance": "20", "nominPrincipale": "1", "infosQualite": {"codeQualite": "Membre", "libQualite": "Membre", "libQualiteSex": "Membre"}, "organes": {"organeRef": "PO402746"}}, {"@xmlns:xsi": "http://www.w3.org/2001/XMLSchema-instance", "@xsi:type": "MandatSimple_Type", "uid": "PM287620", "acteurRef": "PA1452", "legislature": "12", "typeOrgane": "GE", "dateDebut": "2002-12-20", "datePublication": null, "dateFin": "2007-06-19", "preseance": "20", "nominPrincipale": "1", "infosQualite": {"codeQualite": "Membre", "libQualite": "Membre", "libQualiteSex": "Membre"}, "organes": {"organeRef": "PO287326"}}, {"@xmlns:xsi": "http://www.w3.org/2001/XMLSchema-instance", "@xsi:type": "MandatSimple_Type", "uid": "PM292278", "acteurRef": "PA1452", "legislature": "12", "typeOrgane": "GE", "dateDebut": "2003-04-29", "datePublication": null, "dateFin": "2007-06-19", "preseance": "20", "nominPrincipale": "1", "infosQualite": {"codeQualite": "Membre", "libQualite": "Membre", "libQualiteSex": "Membre"}, "organes": {"organeRef": "PO287282"}}, {"@xmlns:xsi": "http://www.w3.org/2001/XMLSchema-instance", "@xsi:type": "MandatSimple_Type", "uid": "PM299947", "acteurRef": "PA1452", "legislature": "12", "typeOrgane": "GE", "dateDebut": "2002-11-28", "datePublication": null, "dateFin": "2007-06-19", "preseance": "20", "nominPrincipale": "1", "infosQualite": {"codeQualite": "Membre", "libQualite": "Membre", "libQualiteSex": "Membre"}, "organes": {"organeRef": "PO285053"}}, {"@xmlns:xsi": "http://www.w3.org/2001/XMLSchema-instance", "@xsi:type": "MandatSimple_Type", "uid": "PM300588", "acteurRef": "PA1452", "legislature": "12", "typeOrgane": "GE", "dateDebut": "2003-01-14", "datePublication": null, "dateFin": "2007-06-19", "preseance": "20", "nominPrincipale": "1", "infosQualite": {"codeQualite": "Membre", "libQualite": "Membre", "libQualiteSex": "Membre"}, "organes": {"organeRef": "PO285036"}}, {"@xmlns:xsi": "http://www.w3.org/2001/XMLSchema-instance", "@xsi:type": "MandatSimple_Type", "uid": "PM413642", "acteurRef": "PA1452", "legislature": "13", "typeOrgane": "GE", "dateDebut": "2008-05-20", "datePublication": null, "dateFin": "2011-09-30", "preseance": "20", "nominPrincipale": "0", "infosQualite": {"codeQualite": "Membre", "libQualite": "Membre", "libQualiteSex": "Membre"}, "organes": {"organeRef": "PO402907"}}, {"@xmlns:xsi": "http://www.w3.org/2001/XMLSchema-instance", "@xsi:type": "MandatSimple_Type", "uid": "PM409786", "acteurRef": "PA1452", "legislature": "13", "typeOrgane": "GE", "dateDebut": "2008-02-28", "datePublication": null, "dateFin": "2011-09-30", "preseance": "20", "nominPrincipale": "1", "infosQualite": {"codeQualite": "Membre", "libQualite": "Membre", "libQualiteSex": "Membre"}, "organes": {"organeRef": "PO402856"}}, {"@xmlns:xsi": "http://www.w3.org/2001/XMLSchema-instance", "@xsi:type": "MandatSimple_Type", "uid": "PM292573", "acteurRef": "PA1452", "legislature": "12", "typeOrgane": "GE", "dateDebut": "2003-05-15", "datePublication": null, "dateFin": "2007-06-19", "preseance": "20", "nominPrincipale": "1", "infosQualite": {"codeQualite": "Membre", "libQualite": "Membre", "libQualiteSex": "Membre"}, "organes": {"organeRef": "PO285107"}}, {"@xmlns:xsi": "http://www.w3.org/2001/XMLSchema-instance", "@xsi:type": "MandatSimple_Type", "uid": "PM412912", "acteurRef": "PA1452", "legislature": "13", "typeOrgane": "GE", "dateDebut": "2008-04-09", "datePublication": null, "dateFin": "2011-09-30", "preseance": "20", "nominPrincipale": "1", "infosQualite": {"codeQualite": "Membre", "libQualite": "Membre", "libQualiteSex": "Membre"}, "organes": {"organeRef": "PO403154"}}, {"@xmlns:xsi": "http://www.w3.org/2001/XMLSchema-instance", "@xsi:type": "MandatSimple_Type", "uid": "PM310204", "acteurRef": "PA1452", "legislature": "12", "typeOrgane": "GE", "dateDebut": "2003-11-25", "datePublication": null, "dateFin": "2007-06-19", "preseance": "20", "nominPrincipale": "1", "infosQualite": {"codeQualite": "Membre", "libQualite": "Membre", "libQualiteSex": "Membre"}, "organes": {"organeRef": "PO293194"}}, {"@xmlns:xsi": "http://www.w3.org/2001/XMLSchema-instance", "@xsi:type": "MandatSimple_Type", "uid": "PM291163", "acteurRef": "PA1452", "legislature": "12", "typeOrgane": "GE", "dateDebut": "2003-03-12", "datePublication": null, "dateFin": "2007-06-19", "preseance": "20", "nominPrincipale": "1", "infosQualite": {"codeQualite": "Membre", "libQualite": "Membre", "libQualiteSex": "Membre"}, "organes": {"organeRef": "PO285091"}}, {"@xmlns:xsi": "http://www.w3.org/2001/XMLSchema-instance", "@xsi:type": "MandatSimple_Type", "uid": "PM289629", "acteurRef": "PA1452", "legislature": "12", "typeOrgane": "GE", "dateDebut": "2003-01-14", "datePublication": null, "dateFin": "2007-06-19", "preseance": "20", "nominPrincipale": "0", "infosQualite": {"codeQualite": "Membre", "libQualite": "Membre", "libQualiteSex": "Membre"}, "organes": {"organeRef": "PO285078"}}, {"@xmlns:xsi": "http://www.w3.org/2001/XMLSchema-instance", "@xsi:type": "MandatSimple_Type", "uid": "PM411472", "acteurRef": "PA1452", "legislature": "13", "typeOrgane": "GE", "dateDebut": "2008-03-01", "datePublication": null, "dateFin": "2011-09-30", "preseance": "20", "nominPrincipale": "1", "infosQualite": {"codeQualite": "Membre", "libQualite": "Membre", "libQualiteSex": "Membre"}, "organes": {"organeRef": "PO403196"}}, {"@xmlns:xsi": "http://www.w3.org/2001/XMLSchema-instance", "@xsi:type": "MandatSimple_Type", "uid": "PM408563", "acteurRef": "PA1452", "legislature": "13", "typeOrgane": "GE", "dateDebut": "2008-02-07", "datePublication": null, "dateFin": "2011-09-30", "preseance": "20", "nominPrincipale": "1", "infosQualite": {"codeQualite": "Membre", "libQualite": "Membre", "libQualiteSex": "Membre"}, "organes": {"organeRef": "PO402925"}}, {"@xmlns:xsi": "http://www.w3.org/2001/XMLSchema-instance", "@xsi:type": "MandatSimple_Type", "uid": "PM413078", "acteurRef": "PA1452", "legislature": "13", "typeOrgane": "GE", "dateDebut": "2008-04-29", "datePublication": null, "dateFin": "2011-09-30", "preseance": "20", "nominPrincipale": "1", "infosQualite": {"codeQualite": "Membre", "libQualite": "Membre", "libQualiteSex": "Membre"}, "organes": {"organeRef": "PO402913"}}, {"@xmlns:xsi": "http://www.w3.org/2001/XMLSchema-instance", "@xsi:type": "MandatSimple_Type", "uid": "PM412421", "acteurRef": "PA1452", "legislature": "13", "typeOrgane": "GE", "dateDebut": "2008-02-05", "datePublication": null, "dateFin": "2011-09-30", "preseance": "20", "nominPrincipale": "1", "infosQualite": {"codeQualite": "Membre", "libQualite": "Membre", "libQualiteSex": "Membre"}, "organes": {"organeRef": "PO403172"}}, {"@xmlns:xsi": "http://www.w3.org/2001/XMLSchema-instance", "@xsi:type": "MandatSimple_Type", "uid": "PM285739", "acteurRef": "PA1452", "legislature": "12", "typeOrgane": "GE", "dateDebut": "2002-12-10", "datePublication": null, "dateFin": "2007-06-19", "preseance": "20", "nominPrincipale": "1", "infosQualite": {"codeQualite": "Membre", "libQualite": "Membre", "libQualiteSex": "Membre"}, "organes": {"organeRef": "PO285043"}}, {"@xmlns:xsi": "http://www.w3.org/2001/XMLSchema-instance", "@xsi:type": "MandatSimple_Type", "uid": "PM409547", "acteurRef": "PA1452", "legislature": "13", "typeOrgane": "GE", "dateDebut": "2008-02-22", "datePublication": null, "dateFin": "2011-09-30", "preseance": "20", "nominPrincipale": "1", "infosQualite": {"codeQualite": "Membre", "libQualite": "Membre", "libQualiteSex": "Membre"}, "organes": {"organeRef": "PO403166"}}, {"@xmlns:xsi": "http://www.w3.org/2001/XMLSchema-instance", "@xsi:type": "MandatSimple_Type", "uid": "PM425518", "acteurRef": "PA1452", "legislature": "13", "typeOrgane": "GE", "dateDebut": "2007-10-31", "datePublication": null, "dateFin": "2011-09-30", "preseance": "20", "nominPrincipale": "1", "infosQualite": {"codeQualite": "Membre", "libQualite": "Membre", "libQualiteSex": "Membre"}, "organes": {"organeRef": "PO403238"}}, {"@xmlns:xsi": "http://www.w3.org/2001/XMLSchema-instance", "@xsi:type": "MandatSimple_Type", "uid": "PM310076", "acteurRef": "PA1452", "legislature": "12", "typeOrgane": "GE", "dateDebut": "2002-10-16", "datePublication": null, "dateFin": "2007-06-19", "preseance": "20", "nominPrincipale": "1", "infosQualite": {"codeQualite": "Membre", "libQualite": "Membre", "libQualiteSex": "Membre"}, "organes": {"organeRef": "PO285038"}}, {"@xmlns:xsi": "http://www.w3.org/2001/XMLSchema-instance", "@xsi:type": "MandatSimple_Type", "uid": "PM311166", "acteurRef": "PA1452", "legislature": "12", "typeOrgane": "GE", "dateDebut": "2003-01-01", "datePublication": null, "dateFin": "2007-06-19", "preseance": "20", "nominPrincipale": "0", "infosQualite": {"codeQualite": "Membre", "libQualite": "Membre", "libQualiteSex": "Membre"}, "organes": {"organeRef": "PO285097"}}, {"@xmlns:xsi": "http://www.w3.org/2001/XMLSchema-instance", "@xsi:type": "MandatSimple_Type", "uid": "PM287355", "acteurRef": "PA1452", "legislature": "12", "typeOrgane": "GE", "dateDebut": "2002-12-26", "datePublication": null, "dateFin": "2007-06-19", "preseance": "20", "nominPrincipale": "1", "infosQualite": {"codeQualite": "Membre", "libQualite": "Membre", "libQualiteSex": "Membre"}, "organes": {"organeRef": "PO285098"}}, {"@xmlns:xsi": "http://www.w3.org/2001/XMLSchema-instance", "@xsi:type": "MandatSimple_Type", "uid": "PM408180", "acteurRef": "PA1452", "legislature": "13", "typeOrgane": "GE", "dateDebut": "2008-01-17", "datePublication": null, "dateFin": "2011-09-30", "preseance": "20", "nominPrincipale": "1", "infosQualite": {"codeQualite": "Membre", "libQualite": "Membre", "libQualiteSex": "Membre"}, "organes": {"organeRef": "PO403075"}}, {"@xmlns:xsi": "http://www.w3.org/2001/XMLSchema-instance", "@xsi:type": "MandatSimple_Type", "uid": "PM415408", "acteurRef": "PA1452", "legislature": "13", "typeOrgane": "GE", "dateDebut": "2008-04-28", "datePublication": null, "dateFin": "2011-09-30", "preseance": "20", "nominPrincipale": "1", "infosQualite": {"codeQualite": "Membre", "libQualite": "Membre", "libQualiteSex": "Membre"}, "organes": {"organeRef": "PO403325"}}, {"@xmlns:xsi": "http://www.w3.org/2001/XMLSchema-instance", "@xsi:type": "MandatSimple_Type", "uid": "PM411553", "acteurRef": "PA1452", "legislature": "13", "typeOrgane": "GE", "dateDebut": "2008-02-11", "datePublication": null, "dateFin": "2011-09-30", "preseance": "20", "nominPrincipale": "1", "infosQualite": {"codeQualite": "Membre", "libQualite": "Membre", "libQualiteSex": "Membre"}, "organes": {"organeRef": "PO403099"}}, {"@xmlns:xsi": "http://www.w3.org/2001/XMLSchema-instance", "@xsi:type": "MandatSimple_Type", "uid": "PM291034", "acteurRef": "PA1452", "legislature": "12", "typeOrgane": "GE", "dateDebut": "2002-12-18", "datePublication": null, "dateFin": "2007-06-19", "preseance": "20", "nominPrincipale": "1", "infosQualite": {"codeQualite": "Membre", "libQualite": "Membre", "libQualiteSex": "Membre"}, "organes": {"organeRef": "PO285110"}}, {"@xmlns:xsi": "http://www.w3.org/2001/XMLSchema-instance", "@xsi:type": "MandatSimple_Type", "uid": "PM297359", "acteurRef": "PA1452", "legislature": "12", "typeOrgane": "GE", "dateDebut": "2003-03-05", "datePublication": null, "dateFin": "2007-06-19", "preseance": "20", "nominPrincipale": "1", "infosQualite": {"codeQualite": "Membre", "libQualite": "Membre", "libQualiteSex": "Membre"}, "organes": {"organeRef": "PO287203"}}, {"@xmlns:xsi": "http://www.w3.org/2001/XMLSchema-instance", "@xsi:type": "MandatSimple_Type", "uid": "PM298095", "acteurRef": "PA1452", "legislature": "12", "typeOrgane": "GE", "dateDebut": "2003-01-06", "datePublication": null, "dateFin": "2007-06-19", "preseance": "20", "nominPrincipale": "1", "infosQualite": {"codeQualite": "Membre", "libQualite": "Membre", "libQualiteSex": "Membre"}, "organes": {"organeRef": "PO285042"}}, {"@xmlns:xsi": "http://www.w3.org/2001/XMLSchema-instance", "@xsi:type": "MandatSimple_Type", "uid": "PM297255", "acteurRef": "PA1452", "legislature": "12", "typeOrgane": "GE", "dateDebut": "2002-12-14", "datePublication": null, "dateFin": "2007-06-19", "preseance": "20", "nominPrincipale": "1", "infosQualite": {"codeQualite": "Membre", "libQualite": "Membre", "libQualiteSex": "Membre"}, "organes": {"organeRef": "PO285050"}}, {"@xmlns:xsi": "http://www.w3.org/2001/XMLSchema-instance", "@xsi:type": "MandatSimple_Type", "uid": "PM416146", "acteurRef": "PA1452", "legislature": "13", "typeOrgane": "GE", "dateDebut": "2008-09-01", "datePublication": null, "dateFin": "2011-09-30", "preseance": "20", "nominPrincipale": "1", "infosQualite": {"codeQualite": "Membre", "libQualite": "Membre", "libQualiteSex": "Membre"}, "organes": {"organeRef": "PO402937"}}, {"@xmlns:xsi": "http://www.w3.org/2001/XMLSchema-instance", "@xsi:type": "MandatSimple_Type", "uid": "PM411701", "acteurRef": "PA1452", "legislature": "13", "typeOrgane": "GE", "dateDebut": "2007-12-19", "datePublication": null, "dateFin": "2011-09-30", "preseance": "20", "nominPrincipale": "1", "infosQualite": {"codeQualite": "Membre", "libQualite": "Membre", "libQualiteSex": "Membre"}, "organes": {"organeRef": "PO405818"}}, {"@xmlns:xsi": "http://www.w3.org/2001/XMLSchema-instance", "@xsi:type": "MandatSimple_Type", "uid": "PM297006", "acteurRef": "PA1452", "legislature": "12", "typeOrgane": "GE", "dateDebut": "2003-05-20", "datePublication": null, "dateFin": "2007-06-19", "preseance": "20", "nominPrincipale": "1", "infosQualite": {"codeQualite": "Membre", "libQualite": "Membre", "libQualiteSex": "Membre"}, "organes": {"organeRef": "PO292878"}}, {"@xmlns:xsi": "http://www.w3.org/2001/XMLSchema-instance", "@xsi:type": "MandatSimple_Type", "uid": "PM413236", "acteurRef": "PA1452", "legislature": "13", "typeOrgane": "GE", "dateDebut": "2008-05-02", "datePublication": null, "dateFin": "2011-09-30", "preseance": "20", "nominPrincipale": "1", "infosQualite": {"codeQualite": "Membre", "libQualite": "Membre", "libQualiteSex": "Membre"}, "organes": {"organeRef": "PO403250"}}, {"@xmlns:xsi": "http://www.w3.org/2001/XMLSchema-instance", "@xsi:type": "MandatSimple_Type", "uid": "PM296281", "acteurRef": "PA1452", "legislature": "12", "typeOrgane": "GE", "dateDebut": "2003-01-30", "datePublication": null, "dateFin": "2007-06-19", "preseance": "20", "nominPrincipale": "1", "infosQualite": {"codeQualite": "Membre", "libQualite": "Membre", "libQualiteSex": "Membre"}, "organes": {"organeRef": "PO285130"}}, {"@xmlns:xsi": "http://www.w3.org/2001/XMLSchema-instance", "@xsi:type": "MandatSimple_Type", "uid": "PM405991", "acteurRef": "PA1452", "legislature": "13", "typeOrgane": "GE", "dateDebut": "2007-12-20", "datePublication": null, "dateFin": "2011-09-30", "preseance": "20", "nominPrincipale": "1", "infosQualite": {"codeQualite": "Membre", "libQualite": "Membre", "libQualiteSex": "Membre"}, "organes": {"organeRef": "PO402967"}}, {"@xmlns:xsi": "http://www.w3.org/2001/XMLSchema-instance", "@xsi:type": "MandatSimple_Type", "uid": "PM287039", "acteurRef": "PA1452", "legislature": "12", "typeOrgane": "GE", "dateDebut": "2002-12-13", "datePublication": null, "dateFin": "2007-06-19", "preseance": "20", "nominPrincipale": "1", "infosQualite": {"codeQualite": "Membre", "libQualite": "Membre", "libQualiteSex": "Membre"}, "organes": {"organeRef": "PO285068"}}, {"@xmlns:xsi": "http://www.w3.org/2001/XMLSchema-instance", "@xsi:type": "MandatSimple_Type", "uid": "PM412077", "acteurRef": "PA1452", "legislature": "13", "typeOrgane": "GE", "dateDebut": "2008-01-30", "datePublication": null, "dateFin": "2011-09-30", "preseance": "20", "nominPrincipale": "1", "infosQualite": {"codeQualite": "Membre", "libQualite": "Membre", "libQualiteSex": "Membre"}, "organes": {"organeRef": "PO403111"}}, {"@xmlns:xsi": "http://www.w3.org/2001/XMLSchema-instance", "@xsi:type": "MandatSimple_Type", "uid": "PM412223", "acteurRef": "PA1452", "legislature": "13", "typeOrgane": "GE", "dateDebut": "2008-04-10", "datePublication": null, "dateFin": "2011-09-30", "preseance": "20", "nominPrincipale": "1", "infosQualite": {"codeQualite": "Membre", "libQualite": "Membre", "libQualiteSex": "Membre"}, "organes": {"organeRef": "PO403208"}}, {"@xmlns:xsi": "http://www.w3.org/2001/XMLSchema-instance", "@xsi:type": "MandatSimple_Type", "uid": "PM295730", "acteurRef": "PA1452", "legislature": "12", "typeOrgane": "GE", "dateDebut": "2002-12-16", "datePublication": null, "dateFin": "2007-06-19", "preseance": "20", "nominPrincipale": "0", "infosQualite": {"codeQualite": "Membre", "libQualite": "Membre", "libQualiteSex": "Membre"}, "organes": {"organeRef": "PO285072"}}, {"@xmlns:xsi": "http://www.w3.org/2001/XMLSchema-instance", "@xsi:type": "MandatSimple_Type", "uid": "PM410870", "acteurRef": "PA1452", "legislature": "13", "typeOrgane": "GE", "dateDebut": "2008-01-08", "datePublication": null, "dateFin": "2011-09-30", "preseance": "20", "nominPrincipale": "1", "infosQualite": {"codeQualite": "Membre", "libQualite": "Membre", "libQualiteSex": "Membre"}, "organes": {"organeRef": "PO402919"}}, {"@xmlns:xsi": "http://www.w3.org/2001/XMLSchema-instance", "@xsi:type": "MandatSimple_Type", "uid": "PM292177", "acteurRef": "PA1452", "legislature": "12", "typeOrgane": "GE", "dateDebut": "2003-01-29", "datePublication": null, "dateFin": "2007-06-19", "preseance": "20", "nominPrincipale": "1", "infosQualite": {"codeQualite": "Membre", "libQualite": "Membre", "libQualiteSex": "Membre"}, "organes": {"organeRef": "PO289713"}}, {"@xmlns:xsi": "http://www.w3.org/2001/XMLSchema-instance", "@xsi:type": "MandatSimple_Type", "uid": "PM291950", "acteurRef": "PA1452", "legislature": "12", "typeOrgane": "GE", "dateDebut": "2002-11-26", "datePublication": null, "dateFin": "2007-06-19", "preseance": "20", "nominPrincipale": "1", "infosQualite": {"codeQualite": "Membre", "libQualite": "Membre", "libQualiteSex": "Membre"}, "organes": {"organeRef": "PO287146"}}, {"@xmlns:xsi": "http://www.w3.org/2001/XMLSchema-instance", "@xsi:type": "MandatSimple_Type", "uid": "PM301827", "acteurRef": "PA1452", "legislature": "12", "typeOrgane": "GE", "dateDebut": "2003-10-14", "datePublication": null, "dateFin": "2007-06-19", "preseance": "20", "nominPrincipale": "1", "infosQualite": {"codeQualite": "Membre", "libQualite": "Membre", "libQualiteSex": "Membre"}, "organes": {"organeRef": "PO285061"}}, {"@xmlns:xsi": "http://www.w3.org/2001/XMLSchema-instance", "@xsi:type": "MandatSimple_Type", "uid": "PM406734", "acteurRef": "PA1452", "legislature": "13", "typeOrgane": "GE", "dateDebut": "2008-01-11", "datePublication": null, "dateFin": "2011-09-30", "preseance": "20", "nominPrincipale": "1", "infosQualite": {"codeQualite": "Membre", "libQualite": "Membre", "libQualiteSex": "Membre"}, "organes": {"organeRef": "PO402727"}}, {"@xmlns:xsi": "http://www.w3.org/2001/XMLSchema-instance", "@xsi:type": "MandatSimple_Type", "uid": "PM405791", "acteurRef": "PA1452", "legislature": "13", "typeOrgane": "GE", "dateDebut": "2007-12-19", "datePublication": null, "dateFin": "2011-09-30", "preseance": "20", "nominPrincipale": "1", "infosQualite": {"codeQualite": "Membre", "libQualite": "Membre", "libQualiteSex": "Membre"}, "organes": {"organeRef": "PO402991"}}, {"@xmlns:xsi": "http://www.w3.org/2001/XMLSchema-instance", "@xsi:type": "MandatSimple_Type", "uid": "PM414024", "acteurRef": "PA1452", "legislature": "13", "typeOrgane": "GE", "dateDebut": "2008-06-20", "datePublication": null, "dateFin": "2011-09-30", "preseance": "20", "nominPrincipale": "1", "infosQualite": {"codeQualite": "Membre", "libQualite": "Membre", "libQualiteSex": "Membre"}, "organes": {"organeRef": "PO403135"}}, {"@xmlns:xsi": "http://www.w3.org/2001/XMLSchema-instance", "@xsi:type": "MandatSimple_Type", "uid": "PM298259", "acteurRef": "PA1452", "legislature": "12", "typeOrgane": "GE", "dateDebut": "2003-01-15", "datePublication": null, "dateFin": "2007-06-19", "preseance": "20", "nominPrincipale": "1", "infosQualite": {"codeQualite": "Membre", "libQualite": "Membre", "libQualiteSex": "Membre"}, "organes": {"organeRef": "PO285084"}}, {"@xmlns:xsi": "http://www.w3.org/2001/XMLSchema-instance", "@xsi:type": "MandatSimple_Type", "uid": "PM409186", "acteurRef": "PA1452", "legislature": "13", "typeOrgane": "GE", "dateDebut": "2008-02-11", "datePublication": null, "dateFin": "2011-09-30", "preseance": "20", "nominPrincipale": "1", "infosQualite": {"codeQualite": "Membre", "libQualite": "Membre", "libQualiteSex": "Membre"}, "organes": {"organeRef": "PO403289"}}, {"@xmlns:xsi": "http://www.w3.org/2001/XMLSchema-instance", "@xsi:type": "MandatSimple_Type", "uid": "PM411648", "acteurRef": "PA1452", "legislature": "13", "typeOrgane": "GE", "dateDebut": "2008-03-31", "datePublication": null, "dateFin": "2011-09-30", "preseance": "20", "nominPrincipale": "1", "infosQualite": {"codeQualite": "Membre", "libQualite": "Membre", "libQualiteSex": "Membre"}, "organes": {"organeRef": "PO402882"}}, {"@xmlns:xsi": "http://www.w3.org/2001/XMLSchema-instance", "@xsi:type": "MandatSimple_Type", "uid": "PM413223", "acteurRef": "PA1452", "legislature": "13", "typeOrgane": "GE", "dateDebut": "2008-04-30", "datePublication": null, "dateFin": "2011-09-30", "preseance": "12", "nominPrincipale": "1", "infosQualite": {"codeQualite": "Secr\u00e9taire", "libQualite": "Secr\u00e9taire", "libQualiteSex": "Secr\u00e9taire"}, "organes": {"organeRef": "PO402882"}}, {"@xmlns:xsi": "http://www.w3.org/2001/XMLSchema-instance", "@xsi:type": "MandatSimple_Type", "uid": "PM295206", "acteurRef": "PA1452", "legislature": "12", "typeOrgane": "GE", "dateDebut": "2003-02-12", "datePublication": null, "dateFin": "2007-06-19", "preseance": "20", "nominPrincipale": "1", "infosQualite": {"codeQualite": "Membre", "libQualite": "Membre", "libQualiteSex": "Membre"}, "organes": {"organeRef": "PO285100"}}, {"@xmlns:xsi": "http://www.w3.org/2001/XMLSchema-instance", "@xsi:type": "MandatSimple_Type", "uid": "PM406885", "acteurRef": "PA1452", "legislature": "13", "typeOrgane": "GE", "dateDebut": "2008-01-15", "datePublication": null, "dateFin": "2011-09-30", "preseance": "20", "nominPrincipale": "1", "infosQualite": {"codeQualite": "Membre", "libQualite": "Membre", "libQualiteSex": "Membre"}, "organes": {"organeRef": "PO402734"}}, {"@xmlns:xsi": "http://www.w3.org/2001/XMLSchema-instance", "@xsi:type": "MandatSimple_Type", "uid": "PM311342", "acteurRef": "PA1452", "legislature": "12", "typeOrgane": "GE", "dateDebut": "2005-03-14", "datePublication": null, "dateFin": "2007-06-19", "preseance": "20", "nominPrincipale": "0", "infosQualite": {"codeQualite": "Membre", "libQualite": "Membre", "libQualiteSex": "Membre"}, "organes": {"organeRef": "PO309941"}}, {"@xmlns:xsi": "http://www.w3.org/2001/XMLSchema-instance", "@xsi:type": "MandatSimple_Type", "uid": "PM421982", "acteurRef": "PA1452", "legislature": "13", "typeOrgane": "GE", "dateDebut": "2007-10-31", "datePublication": null, "dateFin": "2011-09-30", "preseance": "20", "nominPrincipale": "1", "infosQualite": {"codeQualite": "Membre", "libQualite": "Membre", "libQualiteSex": "Membre"}, "organes": {"organeRef": "PO403063"}}, {"@xmlns:xsi": "http://www.w3.org/2001/XMLSchema-instance", "@xsi:type": "MandatSimple_Type", "uid": "PM405870", "acteurRef": "PA1452", "legislature": "13", "typeOrgane": "GE", "dateDebut": "2007-12-20", "datePublication": null, "dateFin": "2011-09-30", "preseance": "20", "nominPrincipale": "1", "infosQualite": {"codeQualite": "Membre", "libQualite": "Membre", "libQualiteSex": "Membre"}, "organes": {"organeRef": "PO403226"}}, {"@xmlns:xsi": "http://www.w3.org/2001/XMLSchema-instance", "@xsi:type": "MandatSimple_Type", "uid": "PM413297", "acteurRef": "PA1452", "legislature": "13", "typeOrgane": "GE", "dateDebut": "2008-04-30", "datePublication": null, "dateFin": "2011-09-30", "preseance": "20", "nominPrincipale": "1", "infosQualite": {"codeQualite": "Membre", "libQualite": "Membre", "libQualiteSex": "Membre"}, "organes": {"organeRef": "PO403256"}}, {"@xmlns:xsi": "http://www.w3.org/2001/XMLSchema-instance", "@xsi:type": "MandatSimple_Type", "uid": "PM408853", "acteurRef": "PA1452", "legislature": "13", "typeOrgane": "GE", "dateDebut": "2008-02-11", "datePublication": null, "dateFin": "2011-09-30", "preseance": "20", "nominPrincipale": "1", "infosQualite": {"codeQualite": "Membre", "libQualite": "Membre", "libQualiteSex": "Membre"}, "organes": {"organeRef": "PO403123"}}, {"@xmlns:xsi": "http://www.w3.org/2001/XMLSchema-instance", "@xsi:type": "MandatSimple_Type", "uid": "PM292551", "acteurRef": "PA1452", "legislature": "12", "typeOrgane": "GE", "dateDebut": "2002-11-27", "datePublication": null, "dateFin": "2007-06-19", "preseance": "20", "nominPrincipale": "1", "infosQualite": {"codeQualite": "Membre", "libQualite": "Membre", "libQualiteSex": "Membre"}, "organes": {"organeRef": "PO285122"}}, {"@xmlns:xsi": "http://www.w3.org/2001/XMLSchema-instance", "@xsi:type": "MandatSimple_Type", "uid": "PM301479", "acteurRef": "PA1452", "legislature": "12", "typeOrgane": "GE", "dateDebut": "2004-02-10", "datePublication": null, "dateFin": "2007-06-19", "preseance": "20", "nominPrincipale": "0", "infosQualite": {"codeQualite": "Membre", "libQualite": "Membre", "libQualiteSex": "Membre"}, "organes": {"organeRef": "PO298452"}}, {"@xmlns:xsi": "http://www.w3.org/2001/XMLSchema-instance", "@xsi:type": "MandatSimple_Type", "uid": "PM296728", "acteurRef": "PA1452", "legislature": "12", "typeOrgane": "GE", "dateDebut": "2003-01-20", "datePublication": null, "dateFin": "2007-06-19", "preseance": "20", "nominPrincipale": "1", "infosQualite": {"codeQualite": "Membre", "libQualite": "Membre", "libQualiteSex": "Membre"}, "organes": {"organeRef": "PO285119"}}, {"@xmlns:xsi": "http://www.w3.org/2001/XMLSchema-instance", "@xsi:type": "MandatSimple_Type", "uid": "PM407798", "acteurRef": "PA1452", "legislature": "13", "typeOrgane": "GE", "dateDebut": "2008-01-30", "datePublication": null, "dateFin": "2011-09-30", "preseance": "20", "nominPrincipale": "1", "infosQualite": {"codeQualite": "Membre", "libQualite": "Membre", "libQualiteSex": "Membre"}, "organes": {"organeRef": "PO402850"}}, {"@xmlns:xsi": "http://www.w3.org/2001/XMLSchema-instance", "@xsi:type": "MandatSimple_Type", "uid": "PM279815", "acteurRef": "PA1452", "legislature": "12", "typeOrgane": "GA", "dateDebut": "2002-10-30", "datePublication": null, "dateFin": "2007-06-19", "preseance": "20", "nominPrincipale": "1", "infosQualite": {"codeQualite": "Membre", "libQualite": "Membre", "libQualiteSex": "Membre"}, "organes": {"organeRef": "PO274110"}}, {"@xmlns:xsi": "http://www.w3.org/2001/XMLSchema-instance", "@xsi:type": "MandatSimple_Type", "uid": "PM279817", "acteurRef": "PA1452", "legislature": "12", "typeOrgane": "GA", "dateDebut": "2002-10-30", "datePublication": null, "dateFin": "2007-06-19", "preseance": "20", "nominPrincipale": "1", "infosQualite": {"codeQualite": "Membre", "libQualite": "Membre", "libQualiteSex": "Membre"}, "organes": {"organeRef": "PO274095"}}, {"@xmlns:xsi": "http://www.w3.org/2001/XMLSchema-instance", "@xsi:type": "MandatSimple_Type", "uid": "PM279821", "acteurRef": "PA1452", "legislature": "12", "typeOrgane": "GA", "dateDebut": "2002-10-30", "datePublication": null, "dateFin": "2007-06-19", "preseance": "20", "nominPrincipale": "1", "infosQualite": {"codeQualite": "Membre", "libQualite": "Membre", "libQualiteSex": "Membre"}, "organes": {"organeRef": "PO274192"}}, {"@xmlns:xsi": "http://www.w3.org/2001/XMLSchema-instance", "@xsi:type": "MandatSimple_Type", "uid": "PM276840", "acteurRef": "PA1452", "legislature": "12", "typeOrgane": "GA", "dateDebut": "2002-10-11", "datePublication": null, "dateFin": "2007-06-19", "preseance": "1", "nominPrincipale": "1", "infosQualite": {"codeQualite": "Pr\u00e9sident", "libQualite": "Pr\u00e9sident", "libQualiteSex": "Pr\u00e9sidente"}, "organes": {"organeRef": "PO274060"}}, {"@xmlns:xsi": "http://www.w3.org/2001/XMLSchema-instance", "@xsi:type": "MandatSimple_Type", "uid": "PM279819", "acteurRef": "PA1452", "legislature": "12", "typeOrgane": "GA", "dateDebut": "2002-10-30", "datePublication": null, "dateFin": "2007-06-19", "preseance": "20", "nominPrincipale": "1", "infosQualite": {"codeQualite": "Membre", "libQualite": "Membre", "libQualiteSex": "Membre"}, "organes": {"organeRef": "PO274128"}}, {"@xmlns:xsi": "http://www.w3.org/2001/XMLSchema-instance", "@xsi:type": "MandatSimple_Type", "uid": "PM279823", "acteurRef": "PA1452", "legislature": "12", "typeOrgane": "GA", "dateDebut": "2002-10-30", "datePublication": null, "dateFin": "2007-06-19", "preseance": "20", "nominPrincipale": "1", "infosQualite": {"codeQualite": "Membre", "libQualite": "Membre", "libQualiteSex": "Membre"}, "organes": {"organeRef": "PO274151"}}, {"@xmlns:xsi": "http://www.w3.org/2001/XMLSchema-instance", "@xsi:type": "MandatSimple_Type", "uid": "PM279825", "acteurRef": "PA1452", "legislature": "12", "typeOrgane": "GA", "dateDebut": "2002-10-30", "datePublication": null, "dateFin": "2007-06-19", "preseance": "20", "nominPrincipale": "1", "infosQualite": {"codeQualite": "Membre", "libQualite": "Membre", "libQualiteSex": "Membre"}, "organes": {"organeRef": "PO274208"}}, {"@xmlns:xsi": "http://www.w3.org/2001/XMLSchema-instance", "@xsi:type": "MandatSimple_Type", "uid": "PM402041", "acteurRef": "PA1452", "legislature": "13", "typeOrgane": "GA", "dateDebut": "2007-10-30", "datePublication": null, "dateFin": "2011-09-30", "preseance": "20", "nominPrincipale": "1", "infosQualite": {"codeQualite": "Membre", "libQualite": "Membre", "libQualiteSex": "Membre"}, "organes": {"organeRef": "PO393045"}}, {"@xmlns:xsi": "http://www.w3.org/2001/XMLSchema-instance", "@xsi:type": "MandatSimple_Type", "uid": "PM400971", "acteurRef": "PA1452", "legislature": "13", "typeOrgane": "GA", "dateDebut": "2007-10-23", "datePublication": null, "dateFin": "2011-09-30", "preseance": "20", "nominPrincipale": "1", "infosQualite": {"codeQualite": "Membre", "libQualite": "Membre", "libQualiteSex": "Membre"}, "organes": {"organeRef": "PO392915"}}, {"@xmlns:xsi": "http://www.w3.org/2001/XMLSchema-instance", "@xsi:type": "MandatSimple_Type", "uid": "PM279827", "acteurRef": "PA1452", "legislature": "12", "typeOrgane": "GA", "dateDebut": "2002-10-30", "datePublication": null, "dateFin": "2007-06-19", "preseance": "20", "nominPrincipale": "1", "infosQualite": {"codeQualite": "Membre", "libQualite": "Membre", "libQualiteSex": "Membre"}, "organes": {"organeRef": "PO274119"}}, {"@xmlns:xsi": "http://www.w3.org/2001/XMLSchema-instance", "@xsi:type": "MandatSimple_Type", "uid": "PM279831", "acteurRef": "PA1452", "legislature": "12", "typeOrgane": "GA", "dateDebut": "2002-10-30", "datePublication": null, "dateFin": "2007-06-19", "preseance": "20", "nominPrincipale": "1", "infosQualite": {"codeQualite": "Membre", "libQualite": "Membre", "libQualiteSex": "Membre"}, "organes": {"organeRef": "PO274167"}}, {"@xmlns:xsi": "http://www.w3.org/2001/XMLSchema-instance", "@xsi:type": "MandatSimple_Type", "uid": "PM400973", "acteurRef": "PA1452", "legislature": "13", "typeOrgane": "GA", "dateDebut": "2007-10-23", "datePublication": null, "dateFin": "2011-09-30", "preseance": "20", "nominPrincipale": "1", "infosQualite": {"codeQualite": "Membre", "libQualite": "Membre", "libQualiteSex": "Membre"}, "organes": {"organeRef": "PO392995"}}, {"@xmlns:xsi": "http://www.w3.org/2001/XMLSchema-instance", "@xsi:type": "MandatSimple_Type", "uid": "PM279829", "acteurRef": "PA1452", "legislature": "12", "typeOrgane": "GA", "dateDebut": "2002-10-30", "datePublication": null, "dateFin": "2007-06-19", "preseance": "20", "nominPrincipale": "1", "infosQualite": {"codeQualite": "Membre", "libQualite": "Membre", "libQualiteSex": "Membre"}, "organes": {"organeRef": "PO274113"}}, {"@xmlns:xsi": "http://www.w3.org/2001/XMLSchema-instance", "@xsi:type": "MandatSimple_Type", "uid": "PM279833", "acteurRef": "PA1452", "legislature": "12", "typeOrgane": "GA", "dateDebut": "2002-10-30", "datePublication": null, "dateFin": "2007-06-19", "preseance": "20", "nominPrincipale": "1", "infosQualite": {"codeQualite": "Membre", "libQualite": "Membre", "libQualiteSex": "Membre"}, "organes": {"organeRef": "PO274139"}}, {"@xmlns:xsi": "http://www.w3.org/2001/XMLSchema-instance", "@xsi:type": "MandatSimple_Type", "uid": "PM400975", "acteurRef": "PA1452", "legislature": "13", "typeOrgane": "GA", "dateDebut": "2007-10-23", "datePublication": null, "dateFin": "2011-09-30", "preseance": "20", "nominPrincipale": "1", "infosQualite": {"codeQualite": "Membre", "libQualite": "Membre", "libQualiteSex": "Membre"}, "organes": {"organeRef": "PO393075"}}, {"@xmlns:xsi": "http://www.w3.org/2001/XMLSchema-instance", "@xsi:type": "MandatSimple_Type", "uid": "PM400977", "acteurRef": "PA1452", "legislature": "13", "typeOrgane": "GA", "dateDebut": "2007-10-23", "datePublication": null, "dateFin": "2011-09-30", "preseance": "20", "nominPrincipale": "1", "infosQualite": {"codeQualite": "Membre", "libQualite": "Membre", "libQualiteSex": "Membre"}, "organes": {"organeRef": "PO393130"}}, {"@xmlns:xsi": "http://www.w3.org/2001/XMLSchema-instance", "@xsi:type": "MandatSimple_Type", "uid": "PM400981", "acteurRef": "PA1452", "legislature": "13", "typeOrgane": "GA", "dateDebut": "2007-10-23", "datePublication": null, "dateFin": "2011-09-30", "preseance": "20", "nominPrincipale": "1", "infosQualite": {"codeQualite": "Membre", "libQualite": "Membre", "libQualiteSex": "Membre"}, "organes": {"organeRef": "PO393503"}}, {"@xmlns:xsi": "http://www.w3.org/2001/XMLSchema-instance", "@xsi:type": "MandatSimple_Type", "uid": "PM400979", "acteurRef": "PA1452", "legislature": "13", "typeOrgane": "GA", "dateDebut": "2007-10-23", "datePublication": null, "dateFin": "2011-09-30", "preseance": "20", "nominPrincipale": "1", "infosQualite": {"codeQualite": "Membre", "libQualite": "Membre", "libQualiteSex": "Membre"}, "organes": {"organeRef": "PO393408"}}, {"@xmlns:xsi": "http://www.w3.org/2001/XMLSchema-instance", "@xsi:type": "MandatSimple_Type", "uid": "PM279812", "acteurRef": "PA1452", "legislature": "12", "typeOrgane": "GA", "dateDebut": "2002-10-30", "datePublication": null, "dateFin": "2007-06-19", "preseance": "20", "nominPrincipale": "1", "infosQualite": {"codeQualite": "Membre", "libQualite": "Membre", "libQualiteSex": "Membre"}, "organes": {"organeRef": "PO274078"}}, {"@xmlns:xsi": "http://www.w3.org/2001/XMLSchema-instance", "@xsi:type": "MandatSimple_Type", "uid": "PM279814", "acteurRef": "PA1452", "legislature": "12", "typeOrgane": "GA", "dateDebut": "2002-10-30", "datePublication": null, "dateFin": "2007-06-19", "preseance": "20", "nominPrincipale": "1", "infosQualite": {"codeQualite": "Membre", "libQualite": "Membre", "libQualiteSex": "Membre"}, "organes": {"organeRef": "PO274105"}}, {"@xmlns:xsi": "http://www.w3.org/2001/XMLSchema-instance", "@xsi:type": "MandatSimple_Type", "uid": "PM279816", "acteurRef": "PA1452", "legislature": "12", "typeOrgane": "GA", "dateDebut": "2002-10-30", "datePublication": null, "dateFin": "2007-06-19", "preseance": "20", "nominPrincipale": "1", "infosQualite": {"codeQualite": "Membre", "libQualite": "Membre", "libQualiteSex": "Membre"}, "organes": {"organeRef": "PO274174"}}, {"@xmlns:xsi": "http://www.w3.org/2001/XMLSchema-instance", "@xsi:type": "MandatSimple_Type", "uid": "PM279820", "acteurRef": "PA1452", "legislature": "12", "typeOrgane": "GA", "dateDebut": "2002-10-30", "datePublication": null, "dateFin": "2007-06-19", "preseance": "20", "nominPrincipale": "1", "infosQualite": {"codeQualite": "Membre", "libQualite": "Membre", "libQualiteSex": "Membre"}, "organes": {"organeRef": "PO274136"}}, {"@xmlns:xsi": "http://www.w3.org/2001/XMLSchema-instance", "@xsi:type": "MandatSimple_Type", "uid": "PM413375", "acteurRef": "PA1452", "legislature": "13", "typeOrgane": "GA", "dateDebut": "2008-05-13", "datePublication": null, "dateFin": "2011-09-30", "preseance": "20", "nominPrincipale": "1", "infosQualite": {"codeQualite": "Membre", "libQualite": "Membre", "libQualiteSex": "Membre"}, "organes": {"organeRef": "PO392795"}}, {"@xmlns:xsi": "http://www.w3.org/2001/XMLSchema-instance", "@xsi:type": "MandatSimple_Type", "uid": "PM279822", "acteurRef": "PA1452", "legislature": "12", "typeOrgane": "GA", "dateDebut": "2002-10-30", "datePublication": null, "dateFin": "2007-06-19", "preseance": "20", "nominPrincipale": "1", "infosQualite": {"codeQualite": "Membre", "libQualite": "Membre", "libQualiteSex": "Membre"}, "organes": {"organeRef": "PO274102"}}, {"@xmlns:xsi": "http://www.w3.org/2001/XMLSchema-instance", "@xsi:type": "MandatSimple_Type", "uid": "PM279824", "acteurRef": "PA1452", "legislature": "12", "typeOrgane": "GA", "dateDebut": "2002-10-30", "datePublication": null, "dateFin": "2007-06-19", "preseance": "20", "nominPrincipale": "1", "infosQualite": {"codeQualite": "Membre", "libQualite": "Membre", "libQualiteSex": "Membre"}, "organes": {"organeRef": "PO274156"}}, {"@xmlns:xsi": "http://www.w3.org/2001/XMLSchema-instance", "@xsi:type": "MandatSimple_Type", "uid": "PM404929", "acteurRef": "PA1452", "legislature": "13", "typeOrgane": "GA", "dateDebut": "2007-11-28", "datePublication": null, "dateFin": "2008-01-16", "preseance": "14", "nominPrincipale": "1", "infosQualite": {"codeQualite": "Secr\u00e9taire", "libQualite": "Secr\u00e9taire", "libQualiteSex": "Secr\u00e9taire"}, "organes": {"organeRef": "PO393268"}}, {"@xmlns:xsi": "http://www.w3.org/2001/XMLSchema-instance", "@xsi:type": "MandatSimple_Type", "uid": "PM276839", "acteurRef": "PA1452", "legislature": "12", "typeOrgane": "GA", "dateDebut": "2002-10-11", "datePublication": null, "dateFin": "2007-06-19", "preseance": "20", "nominPrincipale": "0", "infosQualite": {"codeQualite": "Membre", "libQualite": "Membre", "libQualiteSex": "Membre"}, "organes": {"organeRef": "PO274060"}}, {"@xmlns:xsi": "http://www.w3.org/2001/XMLSchema-instance", "@xsi:type": "MandatSimple_Type", "uid": "PM279830", "acteurRef": "PA1452", "legislature": "12", "typeOrgane": "GA", "dateDebut": "2002-10-30", "datePublication": null, "dateFin": "2007-06-19", "preseance": "20", "nominPrincipale": "1", "infosQualite": {"codeQualite": "Membre", "libQualite": "Membre", "libQualiteSex": "Membre"}, "organes": {"organeRef": "PO274118"}}, {"@xmlns:xsi": "http://www.w3.org/2001/XMLSchema-instance", "@xsi:type": "MandatSimple_Type", "uid": "PM288351", "acteurRef": "PA1452", "legislature": "12", "typeOrgane": "GA", "dateDebut": "2003-01-21", "datePublication": null, "dateFin": "2007-06-19", "preseance": "14", "nominPrincipale": "1", "infosQualite": {"codeQualite": "Secr\u00e9taire", "libQualite": "Secr\u00e9taire", "libQualiteSex": "Secr\u00e9taire"}, "organes": {"organeRef": "PO274139"}}, {"@xmlns:xsi": "http://www.w3.org/2001/XMLSchema-instance", "@xsi:type": "MandatSimple_Type", "uid": "PM400972", "acteurRef": "PA1452", "legislature": "13", "typeOrgane": "GA", "dateDebut": "2007-10-23", "datePublication": null, "dateFin": "2011-09-30", "preseance": "20", "nominPrincipale": "1", "infosQualite": {"codeQualite": "Membre", "libQualite": "Membre", "libQualiteSex": "Membre"}, "organes": {"organeRef": "PO392940"}}, {"@xmlns:xsi": "http://www.w3.org/2001/XMLSchema-instance", "@xsi:type": "MandatSimple_Type", "uid": "PM279828", "acteurRef": "PA1452", "legislature": "12", "typeOrgane": "GA", "dateDebut": "2002-10-30", "datePublication": null, "dateFin": "2007-06-19", "preseance": "20", "nominPrincipale": "1", "infosQualite": {"codeQualite": "Membre", "libQualite": "Membre", "libQualiteSex": "Membre"}, "organes": {"organeRef": "PO274165"}}, {"@xmlns:xsi": "http://www.w3.org/2001/XMLSchema-instance", "@xsi:type": "MandatSimple_Type", "uid": "PM279832", "acteurRef": "PA1452", "legislature": "12", "typeOrgane": "GA", "dateDebut": "2002-10-30", "datePublication": null, "dateFin": "2007-06-19", "preseance": "20", "nominPrincipale": "1", "infosQualite": {"codeQualite": "Membre", "libQualite": "Membre", "libQualiteSex": "Membre"}, "organes": {"organeRef": "PO274130"}}, {"@xmlns:xsi": "http://www.w3.org/2001/XMLSchema-instance", "@xsi:type": "MandatSimple_Type", "uid": "PM400974", "acteurRef": "PA1452", "legislature": "13", "typeOrgane": "GA", "dateDebut": "2007-10-23", "datePublication": null, "dateFin": "2011-09-30", "preseance": "20", "nominPrincipale": "1", "infosQualite": {"codeQualite": "Membre", "libQualite": "Membre", "libQualiteSex": "Membre"}, "organes": {"organeRef": "PO393055"}}, {"@xmlns:xsi": "http://www.w3.org/2001/XMLSchema-instance", "@xsi:type": "MandatSimple_Type", "uid": "PM279834", "acteurRef": "PA1452", "legislature": "12", "typeOrgane": "GA", "dateDebut": "2002-10-30", "datePublication": null, "dateFin": "2007-06-19", "preseance": "20", "nominPrincipale": "1", "infosQualite": {"codeQualite": "Membre", "libQualite": "Membre", "libQualiteSex": "Membre"}, "organes": {"organeRef": "PO274188"}}, {"@xmlns:xsi": "http://www.w3.org/2001/XMLSchema-instance", "@xsi:type": "MandatSimple_Type", "uid": "PM409000", "acteurRef": "PA1452", "legislature": "13", "typeOrgane": "GA", "dateDebut": "2008-02-12", "datePublication": null, "dateFin": "2011-09-30", "preseance": "14", "nominPrincipale": "1", "infosQualite": {"codeQualite": "Secr\u00e9taire", "libQualite": "Secr\u00e9taire", "libQualiteSex": "Secr\u00e9taire"}, "organes": {"organeRef": "PO393268"}}, {"@xmlns:xsi": "http://www.w3.org/2001/XMLSchema-instance", "@xsi:type": "MandatSimple_Type", "uid": "PM400976", "acteurRef": "PA1452", "legislature": "13", "typeOrgane": "GA", "dateDebut": "2007-10-23", "datePublication": null, "dateFin": "2011-09-30", "preseance": "20", "nominPrincipale": "1", "infosQualite": {"codeQualite": "Membre", "libQualite": "Membre", "libQualiteSex": "Membre"}, "organes": {"organeRef": "PO393090"}}, {"@xmlns:xsi": "http://www.w3.org/2001/XMLSchema-instance", "@xsi:type": "MandatSimple_Type", "uid": "PM400980", "acteurRef": "PA1452", "legislature": "13", "typeOrgane": "GA", "dateDebut": "2007-10-23", "datePublication": null, "dateFin": "2011-09-30", "preseance": "20", "nominPrincipale": "1", "infosQualite": {"codeQualite": "Membre", "libQualite": "Membre", "libQualiteSex": "Membre"}, "organes": {"organeRef": "PO393423"}}, {"@xmlns:xsi": "http://www.w3.org/2001/XMLSchema-instance", "@xsi:type": "MandatSimple_Type", "uid": "PM402439", "acteurRef": "PA1452", "legislature": "13", "typeOrgane": "GA", "dateDebut": "2007-11-06", "datePublication": null, "dateFin": "2011-09-30", "preseance": "20", "nominPrincipale": "1", "infosQualite": {"codeQualite": "Membre", "libQualite": "Membre", "libQualiteSex": "Membre"}, "organes": {"organeRef": "PO393268"}}, {"@xmlns:xsi": "http://www.w3.org/2001/XMLSchema-instance", "@xsi:type": "MandatSimple_Type", "uid": "PM400978", "acteurRef": "PA1452", "legislature": "13", "typeOrgane": "GA", "dateDebut": "2007-10-23", "datePublication": null, "dateFin": "2011-09-30", "preseance": "20", "nominPrincipale": "1", "infosQualite": {"codeQualite": "Membre", "libQualite": "Membre", "libQualiteSex": "Membre"}, "organes": {"organeRef": "PO393192"}}, {"@xmlns:xsi": "http://www.w3.org/2001/XMLSchema-instance", "@xsi:type": "MandatSimple_Type", "uid": "PM279811", "acteurRef": "PA1452", "legislature": "12", "typeOrgane": "GA", "dateDebut": "2002-10-30", "datePublication": null, "dateFin": "2007-06-19", "preseance": "20", "nominPrincipale": "1", "infosQualite": {"codeQualite": "Membre", "libQualite": "Membre", "libQualiteSex": "Membre"}, "organes": {"organeRef": "PO274081"}}, {"@xmlns:xsi": "http://www.w3.org/2001/XMLSchema-instance", "@xsi:type": "MandatSimple_Type", "uid": "PM279813", "acteurRef": "PA1452", "legislature": "12", "typeOrgane": "GA", "dateDebut": "2002-10-30", "datePublication": null, "dateFin": "2007-06-19", "preseance": "20", "nominPrincipale": "1", "infosQualite": {"codeQualite": "Membre", "libQualite": "Membre", "libQualiteSex": "Membre"}, "organes": {"organeRef": "PO274089"}}, {"@xmlns:xsi": "http://www.w3.org/2001/XMLSchema-instance", "@xsi:type": "MandatSimple_Type", "uid": "PM387468", "acteurRef": "PA1452", "legislature": "13", "typeOrgane": "GP", "dateDebut": "2007-06-20", "datePublication": null, "dateFin": "2007-06-26", "preseance": "28", "nominPrincipale": "1", "infosQualite": {"codeQualite": "D\u00e9put\u00e9 non-inscrit", "libQualite": "D\u00e9put\u00e9 non-inscrit", "libQualiteSex": "D\u00e9put\u00e9e non-inscrite"}, "organes": {"organeRef": "PO387155"}}, {"@xmlns:xsi": "http://www.w3.org/2001/XMLSchema-instance", "@xsi:type": "MandatSimple_Type", "uid": "PM420857", "acteurRef": "PA1452", "legislature": "13", "typeOrgane": "COMPER", "dateDebut": "2009-07-01", "datePublication": "2009-07-02", "dateFin": "2011-09-30", "preseance": "8", "nominPrincipale": "1", "infosQualite": {"codeQualite": "Vice-Pr\u00e9sident", "libQualite": "Vice-pr\u00e9sident", "libQualiteSex": "Vice-pr\u00e9sidente"}, "organes": {"organeRef": "PO420120"}}, {"@xmlns:xsi": "http://www.w3.org/2001/XMLSchema-instance", "@xsi:type": "MandatSimple_Type", "uid": "PM415735", "acteurRef": "PA1452", "legislature": "13", "typeOrgane": "COMPER", "dateDebut": "2008-10-01", "datePublication": "2008-10-02", "dateFin": "2009-06-30", "preseance": "8", "nominPrincipale": "1", "infosQualite": {"codeQualite": "Vice-Pr\u00e9sident", "libQualite": "Vice-pr\u00e9sident", "libQualiteSex": "Vice-pr\u00e9sidente"}, "organes": {"organeRef": "PO59045"}}, {"@xmlns:xsi": "http://www.w3.org/2001/XMLSchema-instance", "@xsi:type": "MandatSimple_Type", "uid": "PM304096", "acteurRef": "PA1452", "legislature": "12", "typeOrgane": "COMPER", "dateDebut": "2004-10-05", "datePublication": "2004-10-06", "dateFin": "2007-06-19", "preseance": "8", "nominPrincipale": "1", "infosQualite": {"codeQualite": "Vice-Pr\u00e9sident", "libQualite": "Vice-pr\u00e9sident", "libQualiteSex": "Vice-pr\u00e9sidente"}, "organes": {"organeRef": "PO59045"}}, {"@xmlns:xsi": "http://www.w3.org/2001/XMLSchema-instance", "@xsi:type": "MandatSimple_Type", "uid": "PM428826", "acteurRef": "PA1452", "legislature": "13", "typeOrgane": "CMP", "dateDebut": "2011-06-14", "datePublication": "2011-06-15", "dateFin": "2011-07-25", "preseance": "28", "nominPrincipale": "1", "infosQualite": {"codeQualite": "Suppl\u00e9ant", "libQualite": "Membre suppl\u00e9ant", "libQualiteSex": "Membre suppl\u00e9ante"}, "organes": {"organeRef": "PO428784"}}, {"@xmlns:xsi": "http://www.w3.org/2001/XMLSchema-instance", "@xsi:type": "MandatSimple_Type", "uid": "PM422310", "acteurRef": "PA1452", "legislature": "13", "typeOrgane": "CMP", "dateDebut": "2009-11-16", "datePublication": "2009-11-17", "dateFin": "2010-01-12", "preseance": "28", "nominPrincipale": "1", "infosQualite": {"codeQualite": "Suppl\u00e9ant", "libQualite": "Membre suppl\u00e9ant", "libQualiteSex": "Membre suppl\u00e9ante"}, "organes": {"organeRef": "PO422293"}}, {"@xmlns:xsi": "http://www.w3.org/2001/XMLSchema-instance", "@xsi:type": "MandatSimple_Type", "uid": "PM311417", "acteurRef": "PA1452", "legislature": "12", "typeOrgane": "GE", "dateDebut": "2005-03-14", "datePublication": null, "dateFin": "2007-06-19", "preseance": "8", "nominPrincipale": "1", "infosQualite": {"codeQualite": "Vice-Pr\u00e9sident", "libQualite": "Vice-Pr\u00e9sident", "libQualiteSex": "Vice-Pr\u00e9sidente"}, "organes": {"organeRef": "PO309941"}}, {"@xmlns:xsi": "http://www.w3.org/2001/XMLSchema-instance", "@xsi:type": "MandatSimple_Type", "uid": "PM408792", "acteurRef": "PA1452", "legislature": "13", "typeOrgane": "GE", "dateDebut": "2008-04-02", "datePublication": null, "dateFin": "2011-09-30", "preseance": "8", "nominPrincipale": "1", "infosQualite": {"codeQualite": "Vice-Pr\u00e9sident", "libQualite": "Vice-Pr\u00e9sident", "libQualiteSex": "Vice-Pr\u00e9sidente"}, "organes": {"organeRef": "PO403099"}}, {"@xmlns:xsi": "http://www.w3.org/2001/XMLSchema-instance", "@xsi:type": "MandatSimple_Type", "uid": "PM301499", "acteurRef": "PA1452", "legislature": "12", "typeOrgane": "GE", "dateDebut": "2004-02-10", "datePublication": null, "dateFin": "2007-06-19", "preseance": "8", "nominPrincipale": "1", "infosQualite": {"codeQualite": "Vice-Pr\u00e9sident", "libQualite": "Vice-Pr\u00e9sident", "libQualiteSex": "Vice-Pr\u00e9sidente"}, "organes": {"organeRef": "PO298452"}}, {"@xmlns:xsi": "http://www.w3.org/2001/XMLSchema-instance", "@xsi:type": "MandatSimple_Type", "uid": "PM413654", "acteurRef": "PA1452", "legislature": "13", "typeOrgane": "GE", "dateDebut": "2008-05-20", "datePublication": null, "dateFin": "2011-09-30", "preseance": "8", "nominPrincipale": "1", "infosQualite": {"codeQualite": "Vice-Pr\u00e9sident", "libQualite": "Vice-Pr\u00e9sident", "libQualiteSex": "Vice-Pr\u00e9sidente"}, "organes": {"organeRef": "PO402907"}}, {"@xmlns:xsi": "http://www.w3.org/2001/XMLSchema-instance", "@xsi:type": "MandatSimple_Type", "uid": "PM292558", "acteurRef": "PA1452", "legislature": "12", "typeOrgane": "GE", "dateDebut": "2003-01-28", "datePublication": null, "dateFin": "2007-06-19", "preseance": "8", "nominPrincipale": "1", "infosQualite": {"codeQualite": "Vice-Pr\u00e9sident", "libQualite": "Vice-Pr\u00e9sident", "libQualiteSex": "Vice-Pr\u00e9sidente"}, "organes": {"organeRef": "PO285122"}}, {"@xmlns:xsi": "http://www.w3.org/2001/XMLSchema-instance", "@xsi:type": "MandatSimple_Type", "uid": "PM302225", "acteurRef": "PA1452", "legislature": "12", "typeOrgane": "GE", "dateDebut": "2003-01-28", "datePublication": null, "dateFin": "2007-06-19", "preseance": "8", "nominPrincipale": "1", "infosQualite": {"codeQualite": "Vice-Pr\u00e9sident", "libQualite": "Vice-Pr\u00e9sident", "libQualiteSex": "Vice-Pr\u00e9sidente"}, "organes": {"organeRef": "PO285123"}}, {"@xmlns:xsi": "http://www.w3.org/2001/XMLSchema-instance", "@xsi:type": "MandatSimple_Type", "uid": "PM295759", "acteurRef": "PA1452", "legislature": "12", "typeOrgane": "GE", "dateDebut": "2002-12-16", "datePublication": null, "dateFin": "2007-06-19", "preseance": "8", "nominPrincipale": "1", "infosQualite": {"codeQualite": "Vice-Pr\u00e9sident", "libQualite": "Vice-Pr\u00e9sident", "libQualiteSex": "Vice-Pr\u00e9sidente"}, "organes": {"organeRef": "PO285072"}}, {"@xmlns:xsi": "http://www.w3.org/2001/XMLSchema-instance", "@xsi:type": "MandatSimple_Type", "uid": "PM311247", "acteurRef": "PA1452", "legislature": "12", "typeOrgane": "GE", "dateDebut": "2003-01-01", "datePublication": null, "dateFin": "2007-06-19", "preseance": "8", "nominPrincipale": "1", "infosQualite": {"codeQualite": "Vice-Pr\u00e9sident", "libQualite": "Vice-Pr\u00e9sident", "libQualiteSex": "Vice-Pr\u00e9sidente"}, "organes": {"organeRef": "PO285097"}}, {"@xmlns:xsi": "http://www.w3.org/2001/XMLSchema-instance", "@xsi:type": "MandatSimple_Type", "uid": "PM289661", "acteurRef": "PA1452", "legislature": "12", "typeOrgane": "GE", "dateDebut": "2003-01-14", "datePublication": null, "dateFin": "2007-06-19", "preseance": "8", "nominPrincipale": "1", "infosQualite": {"codeQualite": "Vice-Pr\u00e9sident", "libQualite": "Vice-Pr\u00e9sident", "libQualiteSex": "Vice-Pr\u00e9sidente"}, "organes": {"organeRef": "PO285078"}}, {"@xmlns:xsi": "http://www.w3.org/2001/XMLSchema-instance", "@xsi:type": "MandatSimple_Type", "uid": "PM402422", "acteurRef": "PA1452", "legislature": "13", "typeOrgane": "GA", "dateDebut": "2007-11-05", "datePublication": null, "dateFin": "2011-09-30", "preseance": "8", "nominPrincipale": "1", "infosQualite": {"codeQualite": "Vice-Pr\u00e9sident", "libQualite": "Vice-Pr\u00e9sident", "libQualiteSex": "Vice-Pr\u00e9sidente"}, "organes": {"organeRef": "PO393423"}}, {"@xmlns:xsi": "http://www.w3.org/2001/XMLSchema-instance", "@xsi:type": "MandatSimple_Type", "uid": "PM286909", "acteurRef": "PA1452", "legislature": "12", "typeOrgane": "GA", "dateDebut": "2002-12-11", "datePublication": null, "dateFin": "2007-06-19", "preseance": "8", "nominPrincipale": "1", "infosQualite": {"codeQualite": "Vice-Pr\u00e9sident", "libQualite": "Vice-Pr\u00e9sident", "libQualiteSex": "Vice-Pr\u00e9sidente"}, "organes": {"organeRef": "PO274118"}}, {"@xmlns:xsi": "http://www.w3.org/2001/XMLSchema-instance", "@xsi:type": "MandatSimple_Type", "uid": "PM293331", "acteurRef": "PA1452", "legislature": "12", "typeOrgane": "GA", "dateDebut": "2002-12-18", "datePublication": null, "dateFin": "2007-06-19", "preseance": "8", "nominPrincipale": "1", "infosQualite": {"codeQualite": "Vice-Pr\u00e9sident", "libQualite": "Vice-Pr\u00e9sident", "libQualiteSex": "Vice-Pr\u00e9sidente"}, "organes": {"organeRef": "PO274078"}}, {"@xmlns:xsi": "http://www.w3.org/2001/XMLSchema-instance", "@xsi:type": "MandatSimple_Type", "uid": "PM286827", "acteurRef": "PA1452", "legislature": "12", "typeOrgane": "GA", "dateDebut": "2002-12-18", "datePublication": null, "dateFin": "2007-06-19", "preseance": "8", "nominPrincipale": "1", "infosQualite": {"codeQualite": "Vice-Pr\u00e9sident", "libQualite": "Vice-Pr\u00e9sident", "libQualiteSex": "Vice-Pr\u00e9sidente"}, "organes": {"organeRef": "PO274167"}}, {"@xmlns:xsi": "http://www.w3.org/2001/XMLSchema-instance", "@xsi:type": "MandatSimple_Type", "uid": "PM286784", "acteurRef": "PA1452", "legislature": "12", "typeOrgane": "GA", "dateDebut": "2002-12-10", "datePublication": null, "dateFin": "2007-06-19", "preseance": "8", "nominPrincipale": "1", "infosQualite": {"codeQualite": "Vice-Pr\u00e9sident", "libQualite": "Vice-Pr\u00e9sident", "libQualiteSex": "Vice-Pr\u00e9sidente"}, "organes": {"organeRef": "PO274102"}}, {"@xmlns:xsi": "http://www.w3.org/2001/XMLSchema-instance", "@xsi:type": "MandatSimple_Type", "uid": "PM404269", "acteurRef": "PA1452", "legislature": "13", "typeOrgane": "GA", "dateDebut": "2007-11-27", "datePublication": null, "dateFin": "2011-09-30", "preseance": "8", "nominPrincipale": "1", "infosQualite": {"codeQualite": "Vice-Pr\u00e9sident", "libQualite": "Vice-Pr\u00e9sident", "libQualiteSex": "Vice-Pr\u00e9sidente"}, "organes": {"organeRef": "PO393090"}}, {"@xmlns:xsi": "http://www.w3.org/2001/XMLSchema-instance", "@xsi:type": "MandatParlementaire_type", "uid": "PM267996", "acteurRef": "PA1452", "legislature": "12", "typeOrgane": "ASSEMBLEE", "dateDebut": "2002-06-19", "datePublication": null, "dateFin": "2007-06-19", "preseance": "50", "nominPrincipale": "1", "infosQualite": {"codeQualite": "membre", "libQualite": "membre", "libQualiteSex": "membre"}, "organes": {"organeRef": "PO230434"}, "suppleants": {"suppleant": {"dateDebut": "2002-06-19", "dateFin": "2007-06-19", "suppleantRef": "PA267995"}}, "chambre": null, "election": {"lieu": {"region": "Hauts-de-France", "regionType": "M\u00e9tropolitain", "departement": "Pas-de-Calais", "numDepartement": "62", "numCirco": "2"}, "causeMandat": "\u00e9lections g\u00e9n\u00e9rales", "refCirconscription": "PO230746"}, "mandature": {"datePriseFonction": "2002-06-19", "causeFin": "Fin de l\u00e9gislature", "premiereElection": "1", "placeHemicycle": null, "mandatRemplaceRef": null}, "collaborateurs": null}, {"@xmlns:xsi": "http://www.w3.org/2001/XMLSchema-instance", "@xsi:type": "MandatSimple_Type", "uid": "PM325774", "acteurRef": "PA1452", "legislature": "12", "typeOrgane": "COMPER", "dateDebut": "2006-06-14", "datePublication": null, "dateFin": "2007-06-19", "preseance": "500", "nominPrincipale": "0", "infosQualite": {"codeQualite": null, "libQualite": "Rapporteur pour avis au nom de la commission des affaires culturelles : S\u00e9curit\u00e9 sanitaire", "libQualiteSex": "Rapporteure pour avis au nom de la commission des affaires culturelles : S\u00e9curit\u00e9 sanitaire"}, "organes": {"organeRef": "PO59045"}}, {"@xmlns:xsi": "http://www.w3.org/2001/XMLSchema-instance", "@xsi:type": "MandatParlementaire_type", "uid": "PM386277", "acteurRef": "PA1452", "legislature": "13", "typeOrgane": "ASSEMBLEE", "dateDebut": "2007-06-20", "datePublication": null, "dateFin": "2011-09-30", "preseance": "50", "nominPrincipale": "1", "infosQualite": {"codeQualite": "membre", "libQualite": "membre", "libQualiteSex": "membre"}, "organes": {"organeRef": "PO384266"}, "suppleants": {"suppleant": {"dateDebut": "2007-06-20", "dateFin": "2011-09-30", "suppleantRef": "PA344127"}}, "chambre": null, "election": {"lieu": {"region": "Hauts-de-France", "regionType": "M\u00e9tropolitain", "departement": "Pas-de-Calais", "numDepartement": "62", "numCirco": "2"}, "causeMandat": "\u00e9lections g\u00e9n\u00e9rales", "refCirconscription": "PO384578"}, "mandature": {"datePriseFonction": "2007-06-20", "causeFin": "\u00c9lection au S\u00e9nat", "premiereElection": "1", "placeHemicycle": null, "mandatRemplaceRef": null}, "collaborateurs": null}]}}}