{"acteur": {"@xmlns": "http://schemas.assemblee-nationale.fr/referentiel", "uid": {"@xmlns:xsi": "http://www.w3.org/2001/XMLSchema-instance", "@xsi:type": "IdActeur_type", "#text": "PA1476"}, "etatCivil": {"ident": {"civ": "Mme", "prenom": "Dominique", "nom": "Gillot", "alpha": "Gillot dominique_c5752", "trigramme": {"@xmlns:xsi": "http://www.w3.org/2001/XMLSchema-instance", "@xsi:nil": "true"}}, "infoNaissance": {"dateNais": "1949-07-11", "villeNais": "Conflans-Sainte-Honorine", "depNais": "Yvelines", "paysNais": {"@xmlns:xsi": "http://www.w3.org/2001/XMLSchema-instance", "@xsi:nil": "true"}}, "dateDeces": {"@xmlns:xsi": "http://www.w3.org/2001/XMLSchema-instance", "@xsi:nil": "true"}}, "profession": {"libelleCourant": "Institutrice", "socProcINSEE": {"catSocPro": "Professions interm\u00e9diaires de l'enseignement, de la sant\u00e9, de la fonction publique et assimil\u00e9s", "famSocPro": "Professions Interm\u00e9diaires"}}, "uri_hatvp": {"@xmlns:xsi": "http://www.w3.org/2001/XMLSchema-instance", "@xsi:nil": "true"}, "adresses": {"adresse": [{"@xmlns:xsi": "http://www.w3.org/2001/XMLSchema-instance", "@xsi:type": "AdressePostale_Type", "uid": "AD44497", "type": "0", "typeLibelle": "Adresse officielle", "poids": "1", "adresseDeRattachement": null, "intitule": "Casier de la Poste,", "numeroRue": null, "nomRue": null, "complementAdresse": "Palais Bourbon,", "codePostal": "75355", "ville": "Paris 07 SP"}, {"@xmlns:xsi": "http://www.w3.org/2001/XMLSchema-instance", "@xsi:type": "AdresseMail_Type", "uid": "AD191180", "type": "15", "typeLibelle": "M\u00e8l", "poids": null, "adresseDeRattachement": null, "valElec": "dgillot@assemblee-nationale.fr"}, {"@xmlns:xsi": "http://www.w3.org/2001/XMLSchema-instance", "@xsi:type": "AdresseSiteWeb_Type", "uid": "AD430069", "type": "23", "typeLibelle": "Url s\u00e9nateur", "poids": null, "adresseDeRattachement": null, "valElec": "https://www.senat.fr/senateur/gillot_dominique11089x.html"}]}, "mandats": {"mandat": [{"@xmlns:xsi": "http://www.w3.org/2001/XMLSchema-instance", "@xsi:type": "MandatAvecSuppleant_Type", "uid": "PM697765", "acteurRef": "PA1476", "legislature": null, "typeOrgane": "OFFPAR", "dateDebut": "2013-10-03", "datePublication": "2013-10-03", "dateFin": "2017-10-01", "preseance": "24", "nominPrincipale": "1", "infosQualite": {"codeQualite": "Membre", "libQualite": "Membre", "libQualiteSex": "Membre"}, "organes": {"organeRef": "PO273589"}, "suppleants": null}, {"@xmlns:xsi": "http://www.w3.org/2001/XMLSchema-instance", "@xsi:type": "MandatSimple_Type", "uid": "PM704891", "acteurRef": "PA1476", "legislature": null, "typeOrgane": "DELEGSENAT", "dateDebut": "2014-10-29", "datePublication": null, "dateFin": null, "preseance": "4", "nominPrincipale": "1", "infosQualite": {"codeQualite": "Membre", "libQualite": "Membre", "libQualiteSex": "Membre"}, "organes": {"organeRef": "PO420388"}}, {"@xmlns:xsi": "http://www.w3.org/2001/XMLSchema-instance", "@xsi:type": "MandatSimple_Type", "uid": "PM704244", "acteurRef": "PA1476", "legislature": null, "typeOrgane": "COMSENAT", "dateDebut": "2014-10-09", "datePublication": null, "dateFin": "2017-10-01", "preseance": null, "nominPrincipale": "1", "infosQualite": {"codeQualite": null, "libQualite": "Secr\u00e9taire", "libQualiteSex": null}, "organes": {"organeRef": "PO211490"}}, {"@xmlns:xsi": "http://www.w3.org/2001/XMLSchema-instance", "@xsi:type": "MandatSimple_Type", "uid": "PM430294", "acteurRef": "PA1476", "legislature": null, "typeOrgane": "COMSENAT", "dateDebut": "2011-10-01", "datePublication": null, "dateFin": "2014-10-08", "preseance": "10", "nominPrincipale": "1", "infosQualite": {"codeQualite": "Membre", "libQualite": "Membre", "libQualiteSex": "Membre"}, "organes": {"organeRef": "PO211490"}}, {"@xmlns:xsi": "http://www.w3.org/2001/XMLSchema-instance", "@xsi:type": "MandatSimple_Type", "uid": "PM517990", "acteurRef": "PA1476", "legislature": null, "typeOrgane": "API", "dateDebut": "2012-01-30", "datePublication": null, "dateFin": "2017-10-01", "preseance": "20", "nominPrincipale": "1", "infosQualite": {"codeQualite": "Membre", "libQualite": "Membre", "libQualiteSex": "Membre"}, "organes": {"organeRef": "PO206064"}}, {"@xmlns:xsi": "http://www.w3.org/2001/XMLSchema-instance", "@xsi:type": "MandatSimple_Type", "uid": "PM430523", "acteurRef": "PA1476", "legislature": null, "typeOrgane": "GROUPESENAT", "dateDebut": "2011-10-01", "datePublication": null, "dateFin": "2017-10-01", "preseance": "4", "nominPrincipale": "1", "infosQualite": {"codeQualite": "Membre", "libQualite": "Membre", "libQualiteSex": "Membre du"}, "organes": {"organeRef": "PO77710"}}, {"@xmlns:xsi": "http://www.w3.org/2001/XMLSchema-instance", "@xsi:type": "MandatSimple_Type", "uid": "PM488259", "acteurRef": "PA1476", "legislature": null, "typeOrgane": "CMP", "dateDebut": "2012-01-26", "datePublication": "2012-01-27", "dateFin": "2012-02-22", "preseance": "20", "nominPrincipale": "1", "infosQualite": {"codeQualite": "Titulaire", "libQualite": "Membre titulaire", "libQualiteSex": "Membre titulaire"}, "organes": {"organeRef": "PO482573"}}, {"@xmlns:xsi": "http://www.w3.org/2001/XMLSchema-instance", "@xsi:type": "MandatSimple_Type", "uid": "PM695618", "acteurRef": "PA1476", "legislature": null, "typeOrgane": "CMP", "dateDebut": "2013-06-26", "datePublication": "2013-06-27", "dateFin": "2013-07-16", "preseance": "16", "nominPrincipale": "1", "infosQualite": {"codeQualite": "Rapporteur", "libQualite": "Rapporteur", "libQualiteSex": "Rapporteure"}, "organes": {"organeRef": "PO695475"}}, {"@xmlns:xsi": "http://www.w3.org/2001/XMLSchema-instance", "@xsi:type": "MandatSimple_Type", "uid": "PM695617", "acteurRef": "PA1476", "legislature": null, "typeOrgane": "CMP", "dateDebut": "2013-06-24", "datePublication": "2013-06-25", "dateFin": "2013-07-16", "preseance": "20", "nominPrincipale": "1", "infosQualite": {"codeQualite": "Titulaire", "libQualite": "Membre titulaire", "libQualiteSex": "Membre titulaire"}, "organes": {"organeRef": "PO695475"}}, {"@xmlns:xsi": "http://www.w3.org/2001/XMLSchema-instance", "@xsi:type": "MandatSimple_Type", "uid": "PM706599", "acteurRef": "PA1476", "legislature": null, "typeOrgane": "CMP", "dateDebut": "2015-03-04", "datePublication": "2015-03-07", "dateFin": "2015-05-25", "preseance": "20", "nominPrincipale": "1", "infosQualite": {"codeQualite": "Titulaire", "libQualite": "Membre titulaire", "libQualiteSex": "Membre titulaire"}, "organes": {"organeRef": "PO706404"}}, {"@xmlns:xsi": "http://www.w3.org/2001/XMLSchema-instance", "@xsi:type": "MandatSimple_Type", "uid": "PM713830", "acteurRef": "PA1476", "legislature": null, "typeOrgane": "CMP", "dateDebut": "2016-06-01", "datePublication": "2016-06-17", "dateFin": "2016-06-30", "preseance": "28", "nominPrincipale": "1", "infosQualite": {"codeQualite": "Suppl\u00e9ant", "libQualite": "Membre suppl\u00e9ant", "libQualiteSex": "Membre suppl\u00e9ante"}, "organes": {"organeRef": "PO712731"}}, {"@xmlns:xsi": "http://www.w3.org/2001/XMLSchema-instance", "@xsi:type": "MandatSimple_Type", "uid": "PM705720", "acteurRef": "PA1476", "legislature": null, "typeOrgane": "CMP", "dateDebut": "2015-01-14", "datePublication": "2015-01-15", "dateFin": "2015-02-10", "preseance": "28", "nominPrincipale": "1", "infosQualite": {"codeQualite": "Suppl\u00e9ant", "libQualite": "Membre suppl\u00e9ant", "libQualiteSex": "Membre suppl\u00e9ante"}, "organes": {"organeRef": "PO705602"}}, {"@xmlns:xsi": "http://www.w3.org/2001/XMLSchema-instance", "@xsi:type": "MandatParlementaire_type", "uid": "PM429998", "acteurRef": "PA1476", "legislature": null, "typeOrgane": "SENAT", "dateDebut": "2011-10-01", "datePublication": null, "dateFin": "2017-10-01", "preseance": "20", "nominPrincipale": "1", "infosQualite": {"codeQualite": "S\u00e9nateur", "libQualite": "SENATEUR", "libQualiteSex": "S\u00e9nateur 5\u00e8me R\u00e9publique"}, "organes": {"organeRef": "PO78718"}, "suppleants": null, "chambre": null, "election": {"lieu": {"region": null, "regionType": null, "departement": null, "numDepartement": "95", "numCirco": null}, "causeMandat": null}, "mandature": {"datePriseFonction": null, "causeFin": null, "premiereElection": "0", "placeHemicycle": null, "mandatRemplaceRef": null}, "collaborateurs": null}]}}}