{"acteur": {"@xmlns": "http://schemas.assemblee-nationale.fr/referentiel", "uid": {"@xmlns:xsi": "http://www.w3.org/2001/XMLSchema-instance", "@xsi:type": "IdActeur_type", "#text": "PA2544"}, "etatCivil": {"ident": {"civ": "M.", "prenom": "Henri", "nom": "Revol", "alpha": "Revol", "trigramme": {"@xmlns:xsi": "http://www.w3.org/2001/XMLSchema-instance", "@xsi:nil": "true"}}, "infoNaissance": {"dateNais": "1936-02-14", "villeNais": {"@xmlns:xsi": "http://www.w3.org/2001/XMLSchema-instance", "@xsi:nil": "true"}, "depNais": {"@xmlns:xsi": "http://www.w3.org/2001/XMLSchema-instance", "@xsi:nil": "true"}, "paysNais": {"@xmlns:xsi": "http://www.w3.org/2001/XMLSchema-instance", "@xsi:nil": "true"}}, "dateDeces": {"@xmlns:xsi": "http://www.w3.org/2001/XMLSchema-instance", "@xsi:nil": "true"}}, "profession": {"libelleCourant": {"@xmlns:xsi": "http://www.w3.org/2001/XMLSchema-instance", "@xsi:nil": "true"}, "socProcINSEE": {"catSocPro": {"@xmlns:xsi": "http://www.w3.org/2001/XMLSchema-instance", "@xsi:nil": "true"}, "famSocPro": {"@xmlns:xsi": "http://www.w3.org/2001/XMLSchema-instance", "@xsi:nil": "true"}}}, "uri_hatvp": {"@xmlns:xsi": "http://www.w3.org/2001/XMLSchema-instance", "@xsi:nil": "true"}, "adresses": {"adresse": {"@xmlns:xsi": "http://www.w3.org/2001/XMLSchema-instance", "@xsi:type": "AdresseSiteWeb_Type", "uid": "AD317470", "type": "23", "typeLibelle": "Url s\u00e9nateur", "poids": null, "adresseDeRattachement": null, "valElec": "https://www.senat.fr/senateur/revol_henri89037v.html"}}, "mandats": {"mandat": [{"@xmlns:xsi": "http://www.w3.org/2001/XMLSchema-instance", "@xsi:type": "MandatAvecSuppleant_Type", "uid": "PM273628", "acteurRef": "PA2544", "legislature": null, "typeOrgane": "OFFPAR", "dateDebut": "2002-07-04", "datePublication": "2002-07-06", "dateFin": "2008-09-30", "preseance": "24", "nominPrincipale": "1", "infosQualite": {"codeQualite": "Membre", "libQualite": "Membre", "libQualiteSex": "Membre"}, "organes": {"organeRef": "PO273589"}, "suppleants": null}, {"@xmlns:xsi": "http://www.w3.org/2001/XMLSchema-instance", "@xsi:type": "MandatSimple_Type", "uid": "PM228527", "acteurRef": "PA2544", "legislature": null, "typeOrgane": "API", "dateDebut": "2001-10-02", "datePublication": null, "dateFin": "2008-09-30", "preseance": "20", "nominPrincipale": "1", "infosQualite": {"codeQualite": "Membre", "libQualite": "Membre", "libQualiteSex": "Membre"}, "organes": {"organeRef": "PO201115"}}, {"@xmlns:xsi": "http://www.w3.org/2001/XMLSchema-instance", "@xsi:type": "MandatSimple_Type", "uid": "PM320606", "acteurRef": "PA2544", "legislature": null, "typeOrgane": "COMSENAT", "dateDebut": "2001-10-03", "datePublication": null, "dateFin": "2008-09-30", "preseance": "10", "nominPrincipale": "1", "infosQualite": {"codeQualite": "Membre", "libQualite": "Membre", "libQualiteSex": "Membre"}, "organes": {"organeRef": "PO211492"}}, {"@xmlns:xsi": "http://www.w3.org/2001/XMLSchema-instance", "@xsi:type": "MandatAvecSuppleant_Type", "uid": "PM411502", "acteurRef": "PA2544", "legislature": null, "typeOrgane": "OFFPAR", "dateDebut": "2008-04-01", "datePublication": null, "dateFin": "2008-09-30", "preseance": "5", "nominPrincipale": "1", "infosQualite": {"codeQualite": "Premier Vice-Pr\u00e9sident", "libQualite": "Premier Vice-Pr\u00e9sident", "libQualiteSex": "Premier Vice-Pr\u00e9sident"}, "organes": {"organeRef": "PO273589"}, "suppleants": null}, {"@xmlns:xsi": "http://www.w3.org/2001/XMLSchema-instance", "@xsi:type": "MandatAvecSuppleant_Type", "uid": "PM304808", "acteurRef": "PA2544", "legislature": null, "typeOrgane": "OFFPAR", "dateDebut": "2004-10-20", "datePublication": "2004-10-21", "dateFin": "2008-04-01", "preseance": "4", "nominPrincipale": "1", "infosQualite": {"codeQualite": "Pr\u00e9sident", "libQualite": "Pr\u00e9sident", "libQualiteSex": "Pr\u00e9sident"}, "organes": {"organeRef": "PO273589"}, "suppleants": null}, {"@xmlns:xsi": "http://www.w3.org/2001/XMLSchema-instance", "@xsi:type": "MandatSimple_Type", "uid": "PM301267", "acteurRef": "PA2544", "legislature": null, "typeOrgane": "GROUPESENAT", "dateDebut": "2004-04-14", "datePublication": "2004-04-15", "dateFin": "2008-09-30", "preseance": "8", "nominPrincipale": "1", "infosQualite": {"codeQualite": "Membre apparent\u00e9", "libQualite": "Membre apparent\u00e9", "libQualiteSex": "Membre apparent\u00e9"}, "organes": {"organeRef": "PO286005"}}, {"@xmlns:xsi": "http://www.w3.org/2001/XMLSchema-instance", "@xsi:type": "MandatParlementaire_type", "uid": "PM89532", "acteurRef": "PA2544", "legislature": null, "typeOrgane": "SENAT", "dateDebut": "1998-10-01", "datePublication": "1998-10-02", "dateFin": "2008-09-30", "preseance": "20", "nominPrincipale": "1", "infosQualite": {"codeQualite": "S\u00e9nateur", "libQualite": "SENATEUR", "libQualiteSex": "SENATEUR"}, "organes": {"organeRef": "PO78718"}, "suppleants": null, "chambre": null, "election": {"lieu": {"region": null, "regionType": null, "departement": null, "numDepartement": "21", "numCirco": null}, "causeMandat": null}, "mandature": {"datePriseFonction": null, "causeFin": null, "premiereElection": "0", "placeHemicycle": null, "mandatRemplaceRef": null}, "collaborateurs": null}, {"@xmlns:xsi": "http://www.w3.org/2001/XMLSchema-instance", "@xsi:type": "MandatSimple_Type", "uid": "PM393971", "acteurRef": "PA2544", "legislature": null, "typeOrgane": "CMP", "dateDebut": "2007-07-27", "datePublication": "2007-07-28", "dateFin": "2007-07-31", "preseance": "28", "nominPrincipale": "1", "infosQualite": {"codeQualite": "Suppl\u00e9ant", "libQualite": "Membre suppl\u00e9ant", "libQualiteSex": "Membre suppl\u00e9ant"}, "organes": {"organeRef": "PO393935"}}]}}}