{"acteur": {"@xmlns": "http://schemas.assemblee-nationale.fr/referentiel", "uid": {"@xmlns:xsi": "http://www.w3.org/2001/XMLSchema-instance", "@xsi:type": "IdActeur_type", "#text": "PA2607"}, "etatCivil": {"ident": {"civ": "M.", "prenom": "Josselin", "nom": "de Rohan", "alpha": "Rohan (de)", "trigramme": {"@xmlns:xsi": "http://www.w3.org/2001/XMLSchema-instance", "@xsi:nil": "true"}}, "infoNaissance": {"dateNais": "1938-06-05", "villeNais": {"@xmlns:xsi": "http://www.w3.org/2001/XMLSchema-instance", "@xsi:nil": "true"}, "depNais": {"@xmlns:xsi": "http://www.w3.org/2001/XMLSchema-instance", "@xsi:nil": "true"}, "paysNais": {"@xmlns:xsi": "http://www.w3.org/2001/XMLSchema-instance", "@xsi:nil": "true"}}, "dateDeces": {"@xmlns:xsi": "http://www.w3.org/2001/XMLSchema-instance", "@xsi:nil": "true"}}, "profession": {"libelleCourant": {"@xmlns:xsi": "http://www.w3.org/2001/XMLSchema-instance", "@xsi:nil": "true"}, "socProcINSEE": {"catSocPro": {"@xmlns:xsi": "http://www.w3.org/2001/XMLSchema-instance", "@xsi:nil": "true"}, "famSocPro": {"@xmlns:xsi": "http://www.w3.org/2001/XMLSchema-instance", "@xsi:nil": "true"}}}, "uri_hatvp": {"@xmlns:xsi": "http://www.w3.org/2001/XMLSchema-instance", "@xsi:nil": "true"}, "adresses": {"adresse": {"@xmlns:xsi": "http://www.w3.org/2001/XMLSchema-instance", "@xsi:type": "AdresseSiteWeb_Type", "uid": "AD317392", "type": "23", "typeLibelle": "Url s\u00e9nateur", "poids": null, "adresseDeRattachement": null, "valElec": "https://www.senat.fr/senateur/de_rohan_josselin83050r.html"}}, "mandats": {"mandat": [{"@xmlns:xsi": "http://www.w3.org/2001/XMLSchema-instance", "@xsi:type": "MandatAvecSuppleant_Type", "uid": "PM421605", "acteurRef": "PA2607", "legislature": null, "typeOrgane": "OFFPAR", "dateDebut": "2009-01-01", "datePublication": null, "dateFin": "2011-09-30", "preseance": "24", "nominPrincipale": "0", "infosQualite": {"codeQualite": "Membre", "libQualite": "Membre", "libQualiteSex": "Membre"}, "organes": {"organeRef": "PO402232"}, "suppleants": null}, {"@xmlns:xsi": "http://www.w3.org/2001/XMLSchema-instance", "@xsi:type": "MandatSimple_Type", "uid": "PM408265", "acteurRef": "PA2607", "legislature": null, "typeOrgane": "DELEGSENAT", "dateDebut": "2008-01-22", "datePublication": null, "dateFin": "2008-10-07", "preseance": "4", "nominPrincipale": "1", "infosQualite": {"codeQualite": "Membre", "libQualite": "Membre", "libQualiteSex": "Membre"}, "organes": {"organeRef": "PO317934"}}, {"@xmlns:xsi": "http://www.w3.org/2001/XMLSchema-instance", "@xsi:type": "MandatSimple_Type", "uid": "PM427761", "acteurRef": "PA2607", "legislature": null, "typeOrgane": "DELEGSENAT", "dateDebut": "2011-01-02", "datePublication": null, "dateFin": null, "preseance": null, "nominPrincipale": "1", "infosQualite": {"codeQualite": null, "libQualite": "Pr\u00e9sident", "libQualiteSex": "Pr\u00e9sident"}, "organes": {"organeRef": "PO405191"}}, {"@xmlns:xsi": "http://www.w3.org/2001/XMLSchema-instance", "@xsi:type": "MandatSimple_Type", "uid": "PM410063", "acteurRef": "PA2607", "legislature": null, "typeOrgane": "DELEGSENAT", "dateDebut": "2007-10-10", "datePublication": null, "dateFin": null, "preseance": "4", "nominPrincipale": "1", "infosQualite": {"codeQualite": "Membre", "libQualite": "Membre", "libQualiteSex": "Membre"}, "organes": {"organeRef": "PO405191"}}, {"@xmlns:xsi": "http://www.w3.org/2001/XMLSchema-instance", "@xsi:type": "MandatSimple_Type", "uid": "PM308877", "acteurRef": "PA2607", "legislature": null, "typeOrgane": "COMSENAT", "dateDebut": "2004-10-06", "datePublication": null, "dateFin": "2008-01-16", "preseance": "10", "nominPrincipale": "1", "infosQualite": {"codeQualite": "Membre", "libQualite": "Membre", "libQualiteSex": "Membre"}, "organes": {"organeRef": "PO211491"}}, {"@xmlns:xsi": "http://www.w3.org/2001/XMLSchema-instance", "@xsi:type": "MandatSimple_Type", "uid": "PM415998", "acteurRef": "PA2607", "legislature": null, "typeOrgane": "COMSENAT", "dateDebut": "2008-10-07", "datePublication": null, "dateFin": "2011-09-30", "preseance": null, "nominPrincipale": "1", "infosQualite": {"codeQualite": null, "libQualite": "Pr\u00e9sident", "libQualiteSex": "Pr\u00e9sident"}, "organes": {"organeRef": "PO211491"}}, {"@xmlns:xsi": "http://www.w3.org/2001/XMLSchema-instance", "@xsi:type": "MandatSimple_Type", "uid": "PM407151", "acteurRef": "PA2607", "legislature": null, "typeOrgane": "COMSENAT", "dateDebut": "2008-01-16", "datePublication": null, "dateFin": "2008-10-06", "preseance": null, "nominPrincipale": "1", "infosQualite": {"codeQualite": null, "libQualite": "Pr\u00e9sident", "libQualiteSex": "Pr\u00e9sident"}, "organes": {"organeRef": "PO211491"}}, {"@xmlns:xsi": "http://www.w3.org/2001/XMLSchema-instance", "@xsi:type": "MandatSimple_Type", "uid": "PM394046", "acteurRef": "PA2607", "legislature": null, "typeOrgane": "API", "dateDebut": "2007-07-25", "datePublication": null, "dateFin": "2009-01-14", "preseance": "20", "nominPrincipale": "0", "infosQualite": {"codeQualite": "Membre", "libQualite": "Membre", "libQualiteSex": "Membre"}, "organes": {"organeRef": "PO58976"}}, {"@xmlns:xsi": "http://www.w3.org/2001/XMLSchema-instance", "@xsi:type": "MandatSimple_Type", "uid": "PM310560", "acteurRef": "PA2607", "legislature": null, "typeOrgane": "API", "dateDebut": "2005-02-16", "datePublication": null, "dateFin": "2007-07-25", "preseance": "20", "nominPrincipale": "0", "infosQualite": {"codeQualite": "Membre", "libQualite": "Membre", "libQualiteSex": "Membre"}, "organes": {"organeRef": "PO58976"}}, {"@xmlns:xsi": "http://www.w3.org/2001/XMLSchema-instance", "@xsi:type": "MandatSimple_Type", "uid": "PM407156", "acteurRef": "PA2607", "legislature": null, "typeOrgane": "GROUPESENAT", "dateDebut": "2008-01-15", "datePublication": null, "dateFin": "2011-09-30", "preseance": "4", "nominPrincipale": "1", "infosQualite": {"codeQualite": "Membre", "libQualite": "Membre", "libQualiteSex": "Membre"}, "organes": {"organeRef": "PO286005"}}, {"@xmlns:xsi": "http://www.w3.org/2001/XMLSchema-instance", "@xsi:type": "MandatSimple_Type", "uid": "PM286566", "acteurRef": "PA2607", "legislature": null, "typeOrgane": "GROUPESENAT", "dateDebut": "2002-12-11", "datePublication": "2002-12-11", "dateFin": null, "preseance": "4", "nominPrincipale": "1", "infosQualite": {"codeQualite": "Membre", "libQualite": "Membre", "libQualiteSex": "Membre"}, "organes": {"organeRef": "PO286005"}}, {"@xmlns:xsi": "http://www.w3.org/2001/XMLSchema-instance", "@xsi:type": "MandatAvecSuppleant_Type", "uid": "PM422882", "acteurRef": "PA2607", "legislature": null, "typeOrgane": "OFFPAR", "dateDebut": "2010-01-01", "datePublication": null, "dateFin": "2011-09-30", "preseance": "6", "nominPrincipale": "1", "infosQualite": {"codeQualite": "Premier vice-pr\u00e9sident", "libQualite": "Premier vice-pr\u00e9sident", "libQualiteSex": "Premier vice-pr\u00e9sident"}, "organes": {"organeRef": "PO402232"}, "suppleants": null}, {"@xmlns:xsi": "http://www.w3.org/2001/XMLSchema-instance", "@xsi:type": "MandatSimple_Type", "uid": "PM421055", "acteurRef": "PA2607", "legislature": null, "typeOrgane": "CMP", "dateDebut": "2009-07-07", "datePublication": "2009-07-08", "dateFin": "2009-09-01", "preseance": "20", "nominPrincipale": "1", "infosQualite": {"codeQualite": "Titulaire", "libQualite": "Membre titulaire", "libQualiteSex": "Membre titulaire"}, "organes": {"organeRef": "PO420973"}}, {"@xmlns:xsi": "http://www.w3.org/2001/XMLSchema-instance", "@xsi:type": "MandatSimple_Type", "uid": "PM421056", "acteurRef": "PA2607", "legislature": null, "typeOrgane": "CMP", "dateDebut": "2009-07-08", "datePublication": "2009-07-09", "dateFin": "2009-09-01", "preseance": "1", "nominPrincipale": "1", "infosQualite": {"codeQualite": "Pr\u00e9sident", "libQualite": "Pr\u00e9sident", "libQualiteSex": "Pr\u00e9sident"}, "organes": {"organeRef": "PO420973"}}, {"@xmlns:xsi": "http://www.w3.org/2001/XMLSchema-instance", "@xsi:type": "MandatSimple_Type", "uid": "PM424581", "acteurRef": "PA2607", "legislature": null, "typeOrgane": "CMP", "dateDebut": "2010-07-06", "datePublication": "2010-07-07", "dateFin": "2010-07-12", "preseance": "20", "nominPrincipale": "1", "infosQualite": {"codeQualite": "Titulaire", "libQualite": "Membre titulaire", "libQualiteSex": "Membre titulaire"}, "organes": {"organeRef": "PO424546"}}, {"@xmlns:xsi": "http://www.w3.org/2001/XMLSchema-instance", "@xsi:type": "MandatSimple_Type", "uid": "PM422235", "acteurRef": "PA2607", "legislature": null, "typeOrgane": "CMP", "dateDebut": "2009-11-06", "datePublication": "2009-11-07", "dateFin": "2010-01-12", "preseance": "20", "nominPrincipale": "1", "infosQualite": {"codeQualite": "Titulaire", "libQualite": "Membre titulaire", "libQualiteSex": "Membre titulaire"}, "organes": {"organeRef": "PO422108"}}, {"@xmlns:xsi": "http://www.w3.org/2001/XMLSchema-instance", "@xsi:type": "MandatSimple_Type", "uid": "PM394049", "acteurRef": "PA2607", "legislature": null, "typeOrgane": "API", "dateDebut": "2007-07-25", "datePublication": null, "dateFin": "2009-01-14", "preseance": "3", "nominPrincipale": "1", "infosQualite": {"codeQualite": "Premier Vice-Pr\u00e9sident", "libQualite": "Premier Vice-Pr\u00e9sident", "libQualiteSex": "Premier Vice-Pr\u00e9sident"}, "organes": {"organeRef": "PO58976"}}, {"@xmlns:xsi": "http://www.w3.org/2001/XMLSchema-instance", "@xsi:type": "MandatSimple_Type", "uid": "PM310562", "acteurRef": "PA2607", "legislature": null, "typeOrgane": "API", "dateDebut": "2005-02-16", "datePublication": null, "dateFin": "2007-07-25", "preseance": "3", "nominPrincipale": "1", "infosQualite": {"codeQualite": "Premier Vice-Pr\u00e9sident", "libQualite": "Premier Vice-Pr\u00e9sident", "libQualiteSex": "Premier Vice-Pr\u00e9sident"}, "organes": {"organeRef": "PO58976"}}, {"@xmlns:xsi": "http://www.w3.org/2001/XMLSchema-instance", "@xsi:type": "MandatSimple_Type", "uid": "PM286718", "acteurRef": "PA2607", "legislature": null, "typeOrgane": "GROUPESENAT", "dateDebut": "2002-12-11", "datePublication": "2002-12-11", "dateFin": "2008-01-15", "preseance": "1", "nominPrincipale": "1", "infosQualite": {"codeQualite": "Pr\u00e9sident", "libQualite": "Pr\u00e9sident", "libQualiteSex": "Pr\u00e9sident"}, "organes": {"organeRef": "PO286005"}}, {"@xmlns:xsi": "http://www.w3.org/2001/XMLSchema-instance", "@xsi:type": "MandatParlementaire_type", "uid": "PM227154", "acteurRef": "PA2607", "legislature": null, "typeOrgane": "SENAT", "dateDebut": "2001-10-01", "datePublication": "2001-10-02", "dateFin": "2011-09-30", "preseance": "20", "nominPrincipale": "1", "infosQualite": {"codeQualite": "S\u00e9nateur", "libQualite": "SENATEUR", "libQualiteSex": "SENATEUR"}, "organes": {"organeRef": "PO78718"}, "suppleants": null, "chambre": null, "election": {"lieu": {"region": null, "regionType": null, "departement": null, "numDepartement": "56", "numCirco": null}, "causeMandat": null}, "mandature": {"datePriseFonction": null, "causeFin": null, "premiereElection": "0", "placeHemicycle": null, "mandatRemplaceRef": null}, "collaborateurs": null}, {"@xmlns:xsi": "http://www.w3.org/2001/XMLSchema-instance", "@xsi:type": "MandatSimple_Type", "uid": "PM424663", "acteurRef": "PA2607", "legislature": null, "typeOrgane": "CMP", "dateDebut": "2010-07-08", "datePublication": "2010-07-09", "dateFin": "2010-07-12", "preseance": "4", "nominPrincipale": "1", "infosQualite": {"codeQualite": "Vice-Pr\u00e9sident", "libQualite": "Vice-Pr\u00e9sident", "libQualiteSex": "Vice-Pr\u00e9sident"}, "organes": {"organeRef": "PO424546"}}, {"@xmlns:xsi": "http://www.w3.org/2001/XMLSchema-instance", "@xsi:type": "MandatSimple_Type", "uid": "PM422381", "acteurRef": "PA2607", "legislature": null, "typeOrgane": "CMP", "dateDebut": "2009-11-25", "datePublication": "2009-11-26", "dateFin": "2010-01-12", "preseance": "4", "nominPrincipale": "1", "infosQualite": {"codeQualite": "Vice-Pr\u00e9sident", "libQualite": "Vice-Pr\u00e9sident", "libQualiteSex": "Vice-Pr\u00e9sident"}, "organes": {"organeRef": "PO422108"}}, {"@xmlns:xsi": "http://www.w3.org/2001/XMLSchema-instance", "@xsi:type": "MandatAvecSuppleant_Type", "uid": "PM421563", "acteurRef": "PA2607", "legislature": null, "typeOrgane": "OFFPAR", "dateDebut": "2009-01-01", "datePublication": null, "dateFin": "2011-09-30", "preseance": "16", "nominPrincipale": "1", "infosQualite": {"codeQualite": "Membre de droit (Pr\u00e9sident de la commission des affaires \u00e9trang\u00e8res)", "libQualite": "Membre de droit (Pr\u00e9sident de la commission des affaires \u00e9trang\u00e8res et de la d\u00e9fense)", "libQualiteSex": "Membre de droit (Pr\u00e9sident de la commission des affaires \u00e9trang\u00e8res et de la d\u00e9fense)"}, "organes": {"organeRef": "PO402232"}, "suppleants": null}]}}}