{"acteur": {"@xmlns": "http://schemas.assemblee-nationale.fr/referentiel", "uid": {"@xmlns:xsi": "http://www.w3.org/2001/XMLSchema-instance", "@xsi:type": "IdActeur_type", "#text": "PA267309"}, "etatCivil": {"ident": {"civ": "M.", "prenom": "Patrice", "nom": "Debray", "alpha": "Debray", "trigramme": {"@xmlns:xsi": "http://www.w3.org/2001/XMLSchema-instance", "@xsi:nil": "true"}}, "infoNaissance": {"dateNais": "1951-01-25", "villeNais": "Neuerburg", "depNais": {"@xmlns:xsi": "http://www.w3.org/2001/XMLSchema-instance", "@xsi:nil": "true"}, "paysNais": "Allemagne"}, "dateDeces": {"@xmlns:xsi": "http://www.w3.org/2001/XMLSchema-instance", "@xsi:nil": "true"}}, "profession": {"libelleCourant": "M\u00e9decin", "socProcINSEE": {"catSocPro": "Professions lib\u00e9rales et assimil\u00e9s", "famSocPro": "Cadres et professions intellectuelles sup\u00e9rieures"}}, "uri_hatvp": {"@xmlns:xsi": "http://www.w3.org/2001/XMLSchema-instance", "@xsi:nil": "true"}, "adresses": {"adresse": [{"@xmlns:xsi": "http://www.w3.org/2001/XMLSchema-instance", "@xsi:type": "AdressePostale_Type", "uid": "AD412785", "type": "0", "typeLibelle": "Adresse officielle", "poids": "1", "adresseDeRattachement": null, "intitule": "Assembl\u00e9e nationale,", "numeroRue": "126", "nomRue": "Rue de l'Universit\u00e9,", "complementAdresse": null, "codePostal": "75355", "ville": "Paris 07 SP"}, {"@xmlns:xsi": "http://www.w3.org/2001/XMLSchema-instance", "@xsi:type": "AdresseMail_Type", "uid": "AD413015", "type": "15", "typeLibelle": "M\u00e8l", "poids": null, "adresseDeRattachement": null, "valElec": "pdebray@assemblee-nationale.fr"}, {"@xmlns:xsi": "http://www.w3.org/2001/XMLSchema-instance", "@xsi:type": "AdresseMail_Type", "uid": "AD413016", "type": "15", "typeLibelle": "M\u00e8l", "poids": null, "adresseDeRattachement": null, "valElec": "patricedebray@orange.fr"}]}, "mandats": {"mandat": [{"@xmlns:xsi": "http://www.w3.org/2001/XMLSchema-instance", "@xsi:type": "MandatSimple_Type", "uid": "PM423394", "acteurRef": "PA267309", "legislature": "13", "typeOrgane": "CNPE", "dateDebut": "2010-03-30", "datePublication": "2010-03-31", "dateFin": "2010-07-06", "preseance": "20", "nominPrincipale": "1", "infosQualite": {"codeQualite": "Membre", "libQualite": "Membre", "libQualiteSex": "Membre"}, "organes": {"organeRef": "PO423145"}}, {"@xmlns:xsi": "http://www.w3.org/2001/XMLSchema-instance", "@xsi:type": "MandatSimple_Type", "uid": "PM412899", "acteurRef": "PA267309", "legislature": "13", "typeOrgane": "GP", "dateDebut": "2008-04-21", "datePublication": "2008-04-22", "dateFin": "2010-08-05", "preseance": "20", "nominPrincipale": "1", "infosQualite": {"codeQualite": "Membre", "libQualite": "Membre du", "libQualiteSex": "Membre du"}, "organes": {"organeRef": "PO389395"}}, {"@xmlns:xsi": "http://www.w3.org/2001/XMLSchema-instance", "@xsi:type": "MandatSimple_Type", "uid": "PM413180", "acteurRef": "PA267309", "legislature": "13", "typeOrgane": "COMPER", "dateDebut": "2008-04-29", "datePublication": "2008-04-29", "dateFin": "2009-06-30", "preseance": "32", "nominPrincipale": "1", "infosQualite": {"codeQualite": "Membre", "libQualite": "Membre", "libQualiteSex": "Membre"}, "organes": {"organeRef": "PO59045"}}, {"@xmlns:xsi": "http://www.w3.org/2001/XMLSchema-instance", "@xsi:type": "MandatSimple_Type", "uid": "PM420405", "acteurRef": "PA267309", "legislature": "13", "typeOrgane": "COMPER", "dateDebut": "2009-07-01", "datePublication": "2009-07-01", "dateFin": "2010-08-05", "preseance": "32", "nominPrincipale": "1", "infosQualite": {"codeQualite": "Membre", "libQualite": "Membre", "libQualiteSex": "Membre"}, "organes": {"organeRef": "PO419604"}}, {"@xmlns:xsi": "http://www.w3.org/2001/XMLSchema-instance", "@xsi:type": "MandatSimple_Type", "uid": "PM415397", "acteurRef": "PA267309", "legislature": "13", "typeOrgane": "GE", "dateDebut": "2008-04-28", "datePublication": null, "dateFin": "2010-08-05", "preseance": "20", "nominPrincipale": "1", "infosQualite": {"codeQualite": "Membre", "libQualite": "Membre", "libQualiteSex": "Membre"}, "organes": {"organeRef": "PO403325"}}, {"@xmlns:xsi": "http://www.w3.org/2001/XMLSchema-instance", "@xsi:type": "MandatSimple_Type", "uid": "PM413153", "acteurRef": "PA267309", "legislature": "13", "typeOrgane": "GE", "dateDebut": "2008-04-28", "datePublication": null, "dateFin": "2010-08-05", "preseance": "20", "nominPrincipale": "1", "infosQualite": {"codeQualite": "Membre", "libQualite": "Membre", "libQualiteSex": "Membre"}, "organes": {"organeRef": "PO402991"}}, {"@xmlns:xsi": "http://www.w3.org/2001/XMLSchema-instance", "@xsi:type": "MandatSimple_Type", "uid": "PM414792", "acteurRef": "PA267309", "legislature": "13", "typeOrgane": "GA", "dateDebut": "2008-07-16", "datePublication": null, "dateFin": "2010-08-05", "preseance": "20", "nominPrincipale": "1", "infosQualite": {"codeQualite": "Membre", "libQualite": "Membre", "libQualiteSex": "Membre"}, "organes": {"organeRef": "PO393005"}}, {"@xmlns:xsi": "http://www.w3.org/2001/XMLSchema-instance", "@xsi:type": "MandatSimple_Type", "uid": "PM414582", "acteurRef": "PA267309", "legislature": "13", "typeOrgane": "GA", "dateDebut": "2008-07-08", "datePublication": null, "dateFin": "2010-08-05", "preseance": "20", "nominPrincipale": "1", "infosQualite": {"codeQualite": "Membre", "libQualite": "Membre", "libQualiteSex": "Membre"}, "organes": {"organeRef": "PO392674"}}, {"@xmlns:xsi": "http://www.w3.org/2001/XMLSchema-instance", "@xsi:type": "MandatSimple_Type", "uid": "PM414584", "acteurRef": "PA267309", "legislature": "13", "typeOrgane": "GA", "dateDebut": "2008-07-08", "datePublication": null, "dateFin": "2010-08-05", "preseance": "20", "nominPrincipale": "1", "infosQualite": {"codeQualite": "Membre", "libQualite": "Membre", "libQualiteSex": "Membre"}, "organes": {"organeRef": "PO392950"}}, {"@xmlns:xsi": "http://www.w3.org/2001/XMLSchema-instance", "@xsi:type": "MandatSimple_Type", "uid": "PM414586", "acteurRef": "PA267309", "legislature": "13", "typeOrgane": "GA", "dateDebut": "2008-07-08", "datePublication": null, "dateFin": "2010-08-05", "preseance": "20", "nominPrincipale": "1", "infosQualite": {"codeQualite": "Membre", "libQualite": "Membre", "libQualiteSex": "Membre"}, "organes": {"organeRef": "PO393085"}}, {"@xmlns:xsi": "http://www.w3.org/2001/XMLSchema-instance", "@xsi:type": "MandatSimple_Type", "uid": "PM414588", "acteurRef": "PA267309", "legislature": "13", "typeOrgane": "GA", "dateDebut": "2008-07-08", "datePublication": null, "dateFin": "2010-08-05", "preseance": "20", "nominPrincipale": "1", "infosQualite": {"codeQualite": "Membre", "libQualite": "Membre", "libQualiteSex": "Membre"}, "organes": {"organeRef": "PO393508"}}, {"@xmlns:xsi": "http://www.w3.org/2001/XMLSchema-instance", "@xsi:type": "MandatSimple_Type", "uid": "PM423153", "acteurRef": "PA267309", "legislature": "13", "typeOrgane": "GA", "dateDebut": "2010-02-25", "datePublication": null, "dateFin": "2010-08-05", "preseance": "20", "nominPrincipale": "1", "infosQualite": {"codeQualite": "Membre", "libQualite": "Membre", "libQualiteSex": "Membre"}, "organes": {"organeRef": "PO393192"}}, {"@xmlns:xsi": "http://www.w3.org/2001/XMLSchema-instance", "@xsi:type": "MandatSimple_Type", "uid": "PM414791", "acteurRef": "PA267309", "legislature": "13", "typeOrgane": "GA", "dateDebut": "2008-07-16", "datePublication": null, "dateFin": "2010-08-05", "preseance": "20", "nominPrincipale": "1", "infosQualite": {"codeQualite": "Membre", "libQualite": "Membre", "libQualiteSex": "Membre"}, "organes": {"organeRef": "PO393443"}}, {"@xmlns:xsi": "http://www.w3.org/2001/XMLSchema-instance", "@xsi:type": "MandatSimple_Type", "uid": "PM414583", "acteurRef": "PA267309", "legislature": "13", "typeOrgane": "GA", "dateDebut": "2008-07-08", "datePublication": null, "dateFin": "2010-08-05", "preseance": "20", "nominPrincipale": "1", "infosQualite": {"codeQualite": "Membre", "libQualite": "Membre", "libQualiteSex": "Membre"}, "organes": {"organeRef": "PO392940"}}, {"@xmlns:xsi": "http://www.w3.org/2001/XMLSchema-instance", "@xsi:type": "MandatSimple_Type", "uid": "PM414585", "acteurRef": "PA267309", "legislature": "13", "typeOrgane": "GA", "dateDebut": "2008-07-08", "datePublication": null, "dateFin": "2010-08-05", "preseance": "20", "nominPrincipale": "1", "infosQualite": {"codeQualite": "Membre", "libQualite": "Membre", "libQualiteSex": "Membre"}, "organes": {"organeRef": "PO393075"}}, {"@xmlns:xsi": "http://www.w3.org/2001/XMLSchema-instance", "@xsi:type": "MandatSimple_Type", "uid": "PM414587", "acteurRef": "PA267309", "legislature": "13", "typeOrgane": "GA", "dateDebut": "2008-07-08", "datePublication": null, "dateFin": "2010-08-05", "preseance": "20", "nominPrincipale": "1", "infosQualite": {"codeQualite": "Membre", "libQualite": "Membre", "libQualiteSex": "Membre"}, "organes": {"organeRef": "PO393363"}}, {"@xmlns:xsi": "http://www.w3.org/2001/XMLSchema-instance", "@xsi:type": "MandatSimple_Type", "uid": "PM423154", "acteurRef": "PA267309", "legislature": "13", "typeOrgane": "GA", "dateDebut": "2010-02-25", "datePublication": null, "dateFin": "2010-08-05", "preseance": "20", "nominPrincipale": "1", "infosQualite": {"codeQualite": "Membre", "libQualite": "Membre", "libQualiteSex": "Membre"}, "organes": {"organeRef": "PO393468"}}, {"@xmlns:xsi": "http://www.w3.org/2001/XMLSchema-instance", "@xsi:type": "MandatSimple_Type", "uid": "PM412779", "acteurRef": "PA267309", "legislature": "13", "typeOrgane": "GP", "dateDebut": "2008-04-19", "datePublication": "2008-04-20", "dateFin": "2008-04-20", "preseance": "28", "nominPrincipale": "1", "infosQualite": {"codeQualite": "D\u00e9put\u00e9 non-inscrit", "libQualite": "D\u00e9put\u00e9 non-inscrit", "libQualiteSex": "D\u00e9put\u00e9 non-inscrit"}, "organes": {"organeRef": "PO387155"}}, {"@xmlns:xsi": "http://www.w3.org/2001/XMLSchema-instance", "@xsi:type": "MandatSimple_Type", "uid": "PM416229", "acteurRef": "PA267309", "legislature": "13", "typeOrgane": "GE", "dateDebut": "2008-10-02", "datePublication": null, "dateFin": "2010-08-05", "preseance": "8", "nominPrincipale": "1", "infosQualite": {"codeQualite": "Vice-Pr\u00e9sident", "libQualite": "Vice-Pr\u00e9sident", "libQualiteSex": "Vice-Pr\u00e9sident"}, "organes": {"organeRef": "PO403325"}}, {"@xmlns:xsi": "http://www.w3.org/2001/XMLSchema-instance", "@xsi:type": "MandatParlementaire_type", "uid": "PM412775", "acteurRef": "PA267309", "legislature": "13", "typeOrgane": "ASSEMBLEE", "dateDebut": "2007-06-20", "datePublication": null, "dateFin": "2010-08-05", "preseance": "50", "nominPrincipale": "1", "infosQualite": {"codeQualite": "membre", "libQualite": "membre", "libQualiteSex": "membre"}, "organes": {"organeRef": "PO384266"}, "suppleants": null, "chambre": null, "election": {"lieu": {"region": "Bourgogne-Franche-Comt\u00e9", "regionType": "M\u00e9tropolitain", "departement": "Haute-Sa\u00f4ne", "numDepartement": "70", "numCirco": "1"}, "causeMandat": "remplacement d'un d\u00e9put\u00e9 nomm\u00e9 au Gouvernement", "refCirconscription": "PO384640"}, "mandature": {"datePriseFonction": "2008-04-19", "causeFin": "Reprise de l'exercice du mandat d'un ancien membre du Gouvernement", "premiereElection": "0", "placeHemicycle": null, "mandatRemplaceRef": null}, "collaborateurs": null}]}}}