{"acteur": {"@xmlns": "http://schemas.assemblee-nationale.fr/referentiel", "uid": {"@xmlns:xsi": "http://www.w3.org/2001/XMLSchema-instance", "@xsi:type": "IdActeur_type", "#text": "PA304017"}, "etatCivil": {"ident": {"civ": "Mme", "prenom": "Catherine", "nom": "Morin-Desailly", "alpha": "Morin-desailly catherine", "trigramme": {"@xmlns:xsi": "http://www.w3.org/2001/XMLSchema-instance", "@xsi:nil": "true"}}, "infoNaissance": {"dateNais": "1960-07-06", "villeNais": {"@xmlns:xsi": "http://www.w3.org/2001/XMLSchema-instance", "@xsi:nil": "true"}, "depNais": {"@xmlns:xsi": "http://www.w3.org/2001/XMLSchema-instance", "@xsi:nil": "true"}, "paysNais": {"@xmlns:xsi": "http://www.w3.org/2001/XMLSchema-instance", "@xsi:nil": "true"}}, "dateDeces": {"@xmlns:xsi": "http://www.w3.org/2001/XMLSchema-instance", "@xsi:nil": "true"}}, "profession": {"libelleCourant": {"@xmlns:xsi": "http://www.w3.org/2001/XMLSchema-instance", "@xsi:nil": "true"}, "socProcINSEE": {"catSocPro": {"@xmlns:xsi": "http://www.w3.org/2001/XMLSchema-instance", "@xsi:nil": "true"}, "famSocPro": {"@xmlns:xsi": "http://www.w3.org/2001/XMLSchema-instance", "@xsi:nil": "true"}}}, "uri_hatvp": {"@xmlns:xsi": "http://www.w3.org/2001/XMLSchema-instance", "@xsi:nil": "true"}, "adresses": {"adresse": {"@xmlns:xsi": "http://www.w3.org/2001/XMLSchema-instance", "@xsi:type": "AdresseSiteWeb_Type", "uid": "AD317074", "type": "23", "typeLibelle": "Url s\u00e9nateur", "poids": null, "adresseDeRattachement": null, "valElec": "https://www.senat.fr/senateur/morin_desailly_catherine04070g.html"}}, "mandats": {"mandat": [{"@xmlns:xsi": "http://www.w3.org/2001/XMLSchema-instance", "@xsi:type": "MandatAvecSuppleant_Type", "uid": "PM756331", "acteurRef": "PA304017", "legislature": null, "typeOrgane": "OFFPAR", "dateDebut": "2018-05-24", "datePublication": "2018-05-24", "dateFin": null, "preseance": "24", "nominPrincipale": "1", "infosQualite": {"codeQualite": "Membre", "libQualite": "Membre", "libQualiteSex": "Membre"}, "organes": {"organeRef": "PO756284"}, "suppleants": null}, {"@xmlns:xsi": "http://www.w3.org/2001/XMLSchema-instance", "@xsi:type": "MandatSimple_Type", "uid": "PM777840", "acteurRef": "PA304017", "legislature": null, "typeOrgane": "DELEGSENAT", "dateDebut": "2020-10-22", "datePublication": null, "dateFin": null, "preseance": null, "nominPrincipale": "1", "infosQualite": {"codeQualite": null, "libQualite": "Vice-Pr\u00e9sident", "libQualiteSex": null}, "organes": {"organeRef": "PO420388"}}, {"@xmlns:xsi": "http://www.w3.org/2001/XMLSchema-instance", "@xsi:type": "MandatSimple_Type", "uid": "PM416760", "acteurRef": "PA304017", "legislature": null, "typeOrgane": "DELEGSENAT", "dateDebut": "2008-11-18", "datePublication": null, "dateFin": "2011-11-29", "preseance": "4", "nominPrincipale": "1", "infosQualite": {"codeQualite": "Membre", "libQualite": "Membre", "libQualiteSex": "Membre"}, "organes": {"organeRef": "PO310693"}}, {"@xmlns:xsi": "http://www.w3.org/2001/XMLSchema-instance", "@xsi:type": "MandatSimple_Type", "uid": "PM416992", "acteurRef": "PA304017", "legislature": null, "typeOrgane": "DELEGSENAT", "dateDebut": "2008-12-03", "datePublication": null, "dateFin": "2011-11-29", "preseance": null, "nominPrincipale": "1", "infosQualite": {"codeQualite": null, "libQualite": "Vice-Pr\u00e9sident", "libQualiteSex": null}, "organes": {"organeRef": "PO310693"}}, {"@xmlns:xsi": "http://www.w3.org/2001/XMLSchema-instance", "@xsi:type": "MandatSimple_Type", "uid": "PM308690", "acteurRef": "PA304017", "legislature": null, "typeOrgane": "COMSENAT", "dateDebut": "2004-10-06", "datePublication": null, "dateFin": "2008-10-07", "preseance": "10", "nominPrincipale": "1", "infosQualite": {"codeQualite": "Membre", "libQualite": "Membre", "libQualiteSex": "Membre"}, "organes": {"organeRef": "PO211490"}}, {"@xmlns:xsi": "http://www.w3.org/2001/XMLSchema-instance", "@xsi:type": "MandatSimple_Type", "uid": "PM777838", "acteurRef": "PA304017", "legislature": null, "typeOrgane": "COMSENAT", "dateDebut": "2020-10-06", "datePublication": null, "dateFin": null, "preseance": "10", "nominPrincipale": "1", "infosQualite": {"codeQualite": "Membre", "libQualite": "Membre", "libQualiteSex": "Membre"}, "organes": {"organeRef": "PO211490"}}, {"@xmlns:xsi": "http://www.w3.org/2001/XMLSchema-instance", "@xsi:type": "MandatSimple_Type", "uid": "PM704232", "acteurRef": "PA304017", "legislature": null, "typeOrgane": "COMSENAT", "dateDebut": "2014-10-09", "datePublication": null, "dateFin": "2017-10-04", "preseance": null, "nominPrincipale": "1", "infosQualite": {"codeQualite": null, "libQualite": "Pr\u00e9sident", "libQualiteSex": null}, "organes": {"organeRef": "PO211490"}}, {"@xmlns:xsi": "http://www.w3.org/2001/XMLSchema-instance", "@xsi:type": "MandatSimple_Type", "uid": "PM704124", "acteurRef": "PA304017", "legislature": null, "typeOrgane": "COMSENAT", "dateDebut": "2014-10-08", "datePublication": null, "dateFin": "2014-10-08", "preseance": "10", "nominPrincipale": "1", "infosQualite": {"codeQualite": "Membre", "libQualite": "Membre", "libQualiteSex": "Membre"}, "organes": {"organeRef": "PO211490"}}, {"@xmlns:xsi": "http://www.w3.org/2001/XMLSchema-instance", "@xsi:type": "MandatSimple_Type", "uid": "PM741315", "acteurRef": "PA304017", "legislature": null, "typeOrgane": "COMSENAT", "dateDebut": "2017-10-05", "datePublication": null, "dateFin": "2020-10-05", "preseance": null, "nominPrincipale": "1", "infosQualite": {"codeQualite": null, "libQualite": "Pr\u00e9sident", "libQualiteSex": null}, "organes": {"organeRef": "PO211490"}}, {"@xmlns:xsi": "http://www.w3.org/2001/XMLSchema-instance", "@xsi:type": "MandatSimple_Type", "uid": "PM421490", "acteurRef": "PA304017", "legislature": null, "typeOrgane": "API", "dateDebut": "2009-09-11", "datePublication": null, "dateFin": "2014-09-30", "preseance": "20", "nominPrincipale": "1", "infosQualite": {"codeQualite": "Membre", "libQualite": "Membre", "libQualiteSex": "Membre"}, "organes": {"organeRef": "PO201115"}}, {"@xmlns:xsi": "http://www.w3.org/2001/XMLSchema-instance", "@xsi:type": "MandatSimple_Type", "uid": "PM430336", "acteurRef": "PA304017", "legislature": null, "typeOrgane": "COMSENAT", "dateDebut": "2011-10-01", "datePublication": null, "dateFin": "2014-10-07", "preseance": null, "nominPrincipale": "1", "infosQualite": {"codeQualite": null, "libQualite": "Vice-Pr\u00e9sident", "libQualiteSex": null}, "organes": {"organeRef": "PO211490"}}, {"@xmlns:xsi": "http://www.w3.org/2001/XMLSchema-instance", "@xsi:type": "MandatSimple_Type", "uid": "PM707320", "acteurRef": "PA304017", "legislature": null, "typeOrgane": "API", "dateDebut": "2015-04-10", "datePublication": null, "dateFin": null, "preseance": "20", "nominPrincipale": "1", "infosQualite": {"codeQualite": "Membre", "libQualite": "Membre", "libQualiteSex": "Membre"}, "organes": {"organeRef": "PO201115"}}, {"@xmlns:xsi": "http://www.w3.org/2001/XMLSchema-instance", "@xsi:type": "MandatSimple_Type", "uid": "PM416052", "acteurRef": "PA304017", "legislature": null, "typeOrgane": "COMSENAT", "dateDebut": "2008-10-08", "datePublication": null, "dateFin": "2011-09-30", "preseance": null, "nominPrincipale": "1", "infosQualite": {"codeQualite": null, "libQualite": "Vice-Pr\u00e9sident", "libQualiteSex": null}, "organes": {"organeRef": "PO211490"}}, {"@xmlns:xsi": "http://www.w3.org/2001/XMLSchema-instance", "@xsi:type": "MandatSimple_Type", "uid": "PM318604", "acteurRef": "PA304017", "legislature": null, "typeOrgane": "GROUPESENAT", "dateDebut": "2004-10-05", "datePublication": null, "dateFin": null, "preseance": "4", "nominPrincipale": "1", "infosQualite": {"codeQualite": "Membre", "libQualite": "Membre", "libQualiteSex": "Membre du"}, "organes": {"organeRef": "PO309463"}}, {"@xmlns:xsi": "http://www.w3.org/2001/XMLSchema-instance", "@xsi:type": "MandatSimple_Type", "uid": "PM418215", "acteurRef": "PA304017", "legislature": null, "typeOrgane": "CMP", "dateDebut": "2009-01-21", "datePublication": "2009-01-22", "dateFin": "2009-02-17", "preseance": "20", "nominPrincipale": "1", "infosQualite": {"codeQualite": "Titulaire", "libQualite": "Membre titulaire", "libQualiteSex": "Membre titulaire"}, "organes": {"organeRef": "PO418192"}}, {"@xmlns:xsi": "http://www.w3.org/2001/XMLSchema-instance", "@xsi:type": "MandatSimple_Type", "uid": "PM765446", "acteurRef": "PA304017", "legislature": null, "typeOrgane": "CMP", "dateDebut": "2019-05-28", "datePublication": "2019-05-30", "dateFin": "2019-07-16", "preseance": "20", "nominPrincipale": "1", "infosQualite": {"codeQualite": "Titulaire", "libQualite": "Membre titulaire", "libQualiteSex": "Membre titulaire"}, "organes": {"organeRef": "PO765339"}}, {"@xmlns:xsi": "http://www.w3.org/2001/XMLSchema-instance", "@xsi:type": "MandatSimple_Type", "uid": "PM713708", "acteurRef": "PA304017", "legislature": null, "typeOrgane": "CMP", "dateDebut": "2016-06-14", "datePublication": "2016-06-15", "dateFin": "2016-06-22", "preseance": "16", "nominPrincipale": "0", "infosQualite": {"codeQualite": "Rapporteur", "libQualite": "Rapporteur", "libQualiteSex": "Rapporteure"}, "organes": {"organeRef": "PO713436"}}, {"@xmlns:xsi": "http://www.w3.org/2001/XMLSchema-instance", "@xsi:type": "MandatSimple_Type", "uid": "PM697762", "acteurRef": "PA304017", "legislature": null, "typeOrgane": "CMP", "dateDebut": "2013-10-03", "datePublication": "2013-10-11", "dateFin": "2013-10-31", "preseance": "20", "nominPrincipale": "1", "infosQualite": {"codeQualite": "Titulaire", "libQualite": "Membre titulaire", "libQualiteSex": "Membre titulaire"}, "organes": {"organeRef": "PO697328"}}, {"@xmlns:xsi": "http://www.w3.org/2001/XMLSchema-instance", "@xsi:type": "MandatSimple_Type", "uid": "PM766542", "acteurRef": "PA304017", "legislature": null, "typeOrgane": "CMP", "dateDebut": "2019-07-18", "datePublication": "2019-07-19", "dateFin": "2019-07-25", "preseance": "20", "nominPrincipale": "1", "infosQualite": {"codeQualite": "Titulaire", "libQualite": "Membre titulaire", "libQualiteSex": "Membre titulaire"}, "organes": {"organeRef": "PO766521"}}, {"@xmlns:xsi": "http://www.w3.org/2001/XMLSchema-instance", "@xsi:type": "MandatSimple_Type", "uid": "PM418985", "acteurRef": "PA304017", "legislature": null, "typeOrgane": "CMP", "dateDebut": "2009-04-03", "datePublication": "2009-04-04", "dateFin": "2009-04-22", "preseance": "20", "nominPrincipale": "1", "infosQualite": {"codeQualite": "Titulaire", "libQualite": "Membre titulaire", "libQualiteSex": "Membre titulaire"}, "organes": {"organeRef": "PO418960"}}, {"@xmlns:xsi": "http://www.w3.org/2001/XMLSchema-instance", "@xsi:type": "MandatSimple_Type", "uid": "PM778624", "acteurRef": "PA304017", "legislature": null, "typeOrgane": "CMP", "dateDebut": "2020-11-13", "datePublication": "2020-11-17", "dateFin": "2020-12-17", "preseance": "20", "nominPrincipale": "1", "infosQualite": {"codeQualite": "Titulaire", "libQualite": "Membre titulaire", "libQualiteSex": "Membre titulaire"}, "organes": {"organeRef": "PO778302"}}, {"@xmlns:xsi": "http://www.w3.org/2001/XMLSchema-instance", "@xsi:type": "MandatSimple_Type", "uid": "PM713647", "acteurRef": "PA304017", "legislature": null, "typeOrgane": "CMP", "dateDebut": "2016-06-08", "datePublication": "2016-06-09", "dateFin": "2016-06-22", "preseance": "20", "nominPrincipale": "1", "infosQualite": {"codeQualite": "Titulaire", "libQualite": "Membre titulaire", "libQualiteSex": "Membre titulaire"}, "organes": {"organeRef": "PO713419"}}, {"@xmlns:xsi": "http://www.w3.org/2001/XMLSchema-instance", "@xsi:type": "MandatSimple_Type", "uid": "PM418343", "acteurRef": "PA304017", "legislature": null, "typeOrgane": "CMP", "dateDebut": "2009-01-28", "datePublication": "2009-01-28", "dateFin": "2009-02-17", "preseance": "16", "nominPrincipale": "1", "infosQualite": {"codeQualite": "Rapporteur", "libQualite": "Rapporteur", "libQualiteSex": "Rapporteure"}, "organes": {"organeRef": "PO418192"}}, {"@xmlns:xsi": "http://www.w3.org/2001/XMLSchema-instance", "@xsi:type": "MandatSimple_Type", "uid": "PM759030", "acteurRef": "PA304017", "legislature": null, "typeOrgane": "CMP", "dateDebut": "2018-09-25", "datePublication": "2018-09-26", "dateFin": "2018-11-20", "preseance": "20", "nominPrincipale": "1", "infosQualite": {"codeQualite": "Titulaire", "libQualite": "Membre titulaire", "libQualiteSex": "Membre titulaire"}, "organes": {"organeRef": "PO758375"}}, {"@xmlns:xsi": "http://www.w3.org/2001/XMLSchema-instance", "@xsi:type": "MandatSimple_Type", "uid": "PM749346", "acteurRef": "PA304017", "legislature": null, "typeOrgane": "CMP", "dateDebut": "2018-02-12", "datePublication": "2018-02-10", "dateFin": "2018-02-15", "preseance": "20", "nominPrincipale": "1", "infosQualite": {"codeQualite": "Titulaire", "libQualite": "Membre titulaire", "libQualiteSex": "Membre titulaire"}, "organes": {"organeRef": "PO749252"}}, {"@xmlns:xsi": "http://www.w3.org/2001/XMLSchema-instance", "@xsi:type": "MandatSimple_Type", "uid": "PM428064", "acteurRef": "PA304017", "legislature": null, "typeOrgane": "CMP", "dateDebut": "2011-04-12", "datePublication": "2011-04-15", "dateFin": "2011-05-18", "preseance": "20", "nominPrincipale": "1", "infosQualite": {"codeQualite": "Titulaire", "libQualite": "Membre titulaire", "libQualiteSex": "Membre titulaire"}, "organes": {"organeRef": "PO428028"}}, {"@xmlns:xsi": "http://www.w3.org/2001/XMLSchema-instance", "@xsi:type": "MandatSimple_Type", "uid": "PM706488", "acteurRef": "PA304017", "legislature": null, "typeOrgane": "CMP", "dateDebut": "2015-03-04", "datePublication": "2015-03-07", "dateFin": "2015-05-25", "preseance": "20", "nominPrincipale": "1", "infosQualite": {"codeQualite": "Titulaire", "libQualite": "Membre titulaire", "libQualiteSex": "Membre titulaire"}, "organes": {"organeRef": "PO706404"}}, {"@xmlns:xsi": "http://www.w3.org/2001/XMLSchema-instance", "@xsi:type": "MandatSimple_Type", "uid": "PM767180", "acteurRef": "PA304017", "legislature": null, "typeOrgane": "CMP", "dateDebut": "2019-09-19", "datePublication": "2019-09-13", "dateFin": "2019-10-08", "preseance": "20", "nominPrincipale": "1", "infosQualite": {"codeQualite": "Titulaire", "libQualite": "Membre titulaire", "libQualiteSex": "Membre titulaire"}, "organes": {"organeRef": "PO766825"}}, {"@xmlns:xsi": "http://www.w3.org/2001/XMLSchema-instance", "@xsi:type": "MandatSimple_Type", "uid": "PM765610", "acteurRef": "PA304017", "legislature": null, "typeOrgane": "CMP", "dateDebut": "2019-06-05", "datePublication": "2019-06-07", "dateFin": "2019-07-04", "preseance": "20", "nominPrincipale": "1", "infosQualite": {"codeQualite": "Titulaire", "libQualite": "Membre titulaire", "libQualiteSex": "Membre titulaire"}, "organes": {"organeRef": "PO765254"}}, {"@xmlns:xsi": "http://www.w3.org/2001/XMLSchema-instance", "@xsi:type": "MandatSimple_Type", "uid": "PM713618", "acteurRef": "PA304017", "legislature": null, "typeOrgane": "CMP", "dateDebut": "2016-06-08", "datePublication": "2016-06-09", "dateFin": "2016-06-22", "preseance": "20", "nominPrincipale": "1", "infosQualite": {"codeQualite": "Titulaire", "libQualite": "Membre titulaire", "libQualiteSex": "Membre titulaire"}, "organes": {"organeRef": "PO713436"}}, {"@xmlns:xsi": "http://www.w3.org/2001/XMLSchema-instance", "@xsi:type": "MandatSimple_Type", "uid": "PM711772", "acteurRef": "PA304017", "legislature": null, "typeOrgane": "CMP", "dateDebut": "2016-03-02", "datePublication": "2016-03-10", "dateFin": "2016-04-05", "preseance": "20", "nominPrincipale": "1", "infosQualite": {"codeQualite": "Titulaire", "libQualite": "Membre titulaire", "libQualiteSex": "Membre titulaire"}, "organes": {"organeRef": "PO711634"}}, {"@xmlns:xsi": "http://www.w3.org/2001/XMLSchema-instance", "@xsi:type": "MandatSimple_Type", "uid": "PM709387", "acteurRef": "PA304017", "legislature": null, "typeOrgane": "CMP", "dateDebut": "2015-09-15", "datePublication": "2015-09-16", "dateFin": "2015-10-07", "preseance": "16", "nominPrincipale": "0", "infosQualite": {"codeQualite": "Rapporteur", "libQualite": "Rapporteur", "libQualiteSex": "Rapporteure"}, "organes": {"organeRef": "PO709113"}}, {"@xmlns:xsi": "http://www.w3.org/2001/XMLSchema-instance", "@xsi:type": "MandatSimple_Type", "uid": "PM705712", "acteurRef": "PA304017", "legislature": null, "typeOrgane": "CMP", "dateDebut": "2015-01-14", "datePublication": "2015-01-15", "dateFin": "2015-02-10", "preseance": "20", "nominPrincipale": "1", "infosQualite": {"codeQualite": "Titulaire", "libQualite": "Membre titulaire", "libQualiteSex": "Membre titulaire"}, "organes": {"organeRef": "PO705602"}}, {"@xmlns:xsi": "http://www.w3.org/2001/XMLSchema-instance", "@xsi:type": "MandatSimple_Type", "uid": "PM488262", "acteurRef": "PA304017", "legislature": null, "typeOrgane": "CMP", "dateDebut": "2012-01-26", "datePublication": "2012-01-27", "dateFin": "2012-02-22", "preseance": "20", "nominPrincipale": "1", "infosQualite": {"codeQualite": "Titulaire", "libQualite": "Membre titulaire", "libQualiteSex": "Membre titulaire"}, "organes": {"organeRef": "PO482573"}}, {"@xmlns:xsi": "http://www.w3.org/2001/XMLSchema-instance", "@xsi:type": "MandatSimple_Type", "uid": "PM697726", "acteurRef": "PA304017", "legislature": null, "typeOrgane": "CMP", "dateDebut": "2013-10-03", "datePublication": "2013-10-11", "dateFin": "2013-10-31", "preseance": "20", "nominPrincipale": "1", "infosQualite": {"codeQualite": "Titulaire", "libQualite": "Membre titulaire", "libQualiteSex": "Membre titulaire"}, "organes": {"organeRef": "PO697334"}}, {"@xmlns:xsi": "http://www.w3.org/2001/XMLSchema-instance", "@xsi:type": "MandatSimple_Type", "uid": "PM759058", "acteurRef": "PA304017", "legislature": null, "typeOrgane": "CMP", "dateDebut": "2018-09-25", "datePublication": "2018-09-26", "dateFin": "2018-11-20", "preseance": "20", "nominPrincipale": "1", "infosQualite": {"codeQualite": "Titulaire", "libQualite": "Membre titulaire", "libQualiteSex": "Membre titulaire"}, "organes": {"organeRef": "PO758368"}}, {"@xmlns:xsi": "http://www.w3.org/2001/XMLSchema-instance", "@xsi:type": "MandatSimple_Type", "uid": "PM713825", "acteurRef": "PA304017", "legislature": null, "typeOrgane": "CMP", "dateDebut": "2016-06-01", "datePublication": "2016-06-17", "dateFin": "2016-06-30", "preseance": "20", "nominPrincipale": "1", "infosQualite": {"codeQualite": "Titulaire", "libQualite": "Membre titulaire", "libQualiteSex": "Membre titulaire"}, "organes": {"organeRef": "PO712731"}}, {"@xmlns:xsi": "http://www.w3.org/2001/XMLSchema-instance", "@xsi:type": "MandatSimple_Type", "uid": "PM778700", "acteurRef": "PA304017", "legislature": null, "typeOrgane": "CMP", "dateDebut": "2020-11-19", "datePublication": "2020-11-20", "dateFin": "2020-12-17", "preseance": "16", "nominPrincipale": "1", "infosQualite": {"codeQualite": "Rapporteur", "libQualite": "Rapporteur", "libQualiteSex": "Rapporteure"}, "organes": {"organeRef": "PO778302"}}, {"@xmlns:xsi": "http://www.w3.org/2001/XMLSchema-instance", "@xsi:type": "MandatSimple_Type", "uid": "PM766875", "acteurRef": "PA304017", "legislature": null, "typeOrgane": "CMP", "dateDebut": "2019-07-24", "datePublication": "2019-07-26", "dateFin": "2019-10-16", "preseance": "20", "nominPrincipale": "1", "infosQualite": {"codeQualite": "Titulaire", "libQualite": "Membre titulaire", "libQualiteSex": "Membre titulaire"}, "organes": {"organeRef": "PO766371"}}, {"@xmlns:xsi": "http://www.w3.org/2001/XMLSchema-instance", "@xsi:type": "MandatSimple_Type", "uid": "PM711798", "acteurRef": "PA304017", "legislature": null, "typeOrgane": "CMP", "dateDebut": "2016-03-02", "datePublication": "2016-03-11", "dateFin": "2016-04-05", "preseance": "20", "nominPrincipale": "1", "infosQualite": {"codeQualite": "Titulaire", "libQualite": "Membre titulaire", "libQualiteSex": "Membre titulaire"}, "organes": {"organeRef": "PO711628"}}, {"@xmlns:xsi": "http://www.w3.org/2001/XMLSchema-instance", "@xsi:type": "MandatSimple_Type", "uid": "PM709337", "acteurRef": "PA304017", "legislature": null, "typeOrgane": "CMP", "dateDebut": "2015-09-14", "datePublication": "2015-09-15", "dateFin": "2015-10-07", "preseance": "20", "nominPrincipale": "1", "infosQualite": {"codeQualite": "Titulaire", "libQualite": "Membre titulaire", "libQualiteSex": "Membre titulaire"}, "organes": {"organeRef": "PO709113"}}, {"@xmlns:xsi": "http://www.w3.org/2001/XMLSchema-instance", "@xsi:type": "MandatParlementaire_type", "uid": "PM775757", "acteurRef": "PA304017", "legislature": null, "typeOrgane": "SENAT", "dateDebut": "2020-10-01", "datePublication": null, "dateFin": null, "preseance": "20", "nominPrincipale": "1", "infosQualite": {"codeQualite": "S\u00e9nateur", "libQualite": "SENATEUR", "libQualiteSex": "S\u00e9nateur 5\u00e8me R\u00e9publique"}, "organes": {"organeRef": "PO78718"}, "suppleants": null, "chambre": null, "election": {"lieu": {"region": null, "regionType": null, "departement": null, "numDepartement": "76", "numCirco": null}, "causeMandat": null}, "mandature": {"datePriseFonction": null, "causeFin": null, "premiereElection": "0", "placeHemicycle": null, "mandatRemplaceRef": null}, "collaborateurs": null}, {"@xmlns:xsi": "http://www.w3.org/2001/XMLSchema-instance", "@xsi:type": "MandatSimple_Type", "uid": "PM427345", "acteurRef": "PA304017", "legislature": null, "typeOrgane": "CMP", "dateDebut": "2011-02-11", "datePublication": "2011-02-15", "dateFin": "2011-03-10", "preseance": "28", "nominPrincipale": "1", "infosQualite": {"codeQualite": "Suppl\u00e9ant", "libQualite": "Membre suppl\u00e9ant", "libQualiteSex": "Membre suppl\u00e9ante"}, "organes": {"organeRef": "PO427292"}}, {"@xmlns:xsi": "http://www.w3.org/2001/XMLSchema-instance", "@xsi:type": "MandatSimple_Type", "uid": "PM713706", "acteurRef": "PA304017", "legislature": null, "typeOrgane": "CMP", "dateDebut": "2016-06-14", "datePublication": "2016-06-15", "dateFin": "2016-06-22", "preseance": "1", "nominPrincipale": "1", "infosQualite": {"codeQualite": "Pr\u00e9sident", "libQualite": "Pr\u00e9sident", "libQualiteSex": "Pr\u00e9sidente"}, "organes": {"organeRef": "PO713436"}}, {"@xmlns:xsi": "http://www.w3.org/2001/XMLSchema-instance", "@xsi:type": "MandatSimple_Type", "uid": "PM767054", "acteurRef": "PA304017", "legislature": null, "typeOrgane": "CMP", "dateDebut": "2019-09-17", "datePublication": "2019-09-18", "dateFin": "2019-10-16", "preseance": "4", "nominPrincipale": "1", "infosQualite": {"codeQualite": "Vice-Pr\u00e9sident", "libQualite": "Vice-Pr\u00e9sident", "libQualiteSex": "Vice-Pr\u00e9sidente"}, "organes": {"organeRef": "PO766371"}}, {"@xmlns:xsi": "http://www.w3.org/2001/XMLSchema-instance", "@xsi:type": "MandatSimple_Type", "uid": "PM709388", "acteurRef": "PA304017", "legislature": null, "typeOrgane": "CMP", "dateDebut": "2015-09-15", "datePublication": "2015-09-16", "dateFin": "2015-10-07", "preseance": "4", "nominPrincipale": "1", "infosQualite": {"codeQualite": "Vice-Pr\u00e9sident", "libQualite": "Vice-Pr\u00e9sident", "libQualiteSex": "Vice-Pr\u00e9sidente"}, "organes": {"organeRef": "PO709113"}}, {"@xmlns:xsi": "http://www.w3.org/2001/XMLSchema-instance", "@xsi:type": "MandatSimple_Type", "uid": "PM767202", "acteurRef": "PA304017", "legislature": null, "typeOrgane": "CMP", "dateDebut": "2019-09-24", "datePublication": "2019-09-25", "dateFin": "2019-10-08", "preseance": "1", "nominPrincipale": "1", "infosQualite": {"codeQualite": "Pr\u00e9sident", "libQualite": "Pr\u00e9sident", "libQualiteSex": "Pr\u00e9sidente"}, "organes": {"organeRef": "PO766825"}}, {"@xmlns:xsi": "http://www.w3.org/2001/XMLSchema-instance", "@xsi:type": "MandatSimple_Type", "uid": "PM393969", "acteurRef": "PA304017", "legislature": null, "typeOrgane": "CMP", "dateDebut": "2007-07-27", "datePublication": "2007-07-28", "dateFin": "2007-07-31", "preseance": "28", "nominPrincipale": "1", "infosQualite": {"codeQualite": "Suppl\u00e9ant", "libQualite": "Membre suppl\u00e9ant", "libQualiteSex": "Membre suppl\u00e9ante"}, "organes": {"organeRef": "PO393935"}}, {"@xmlns:xsi": "http://www.w3.org/2001/XMLSchema-instance", "@xsi:type": "MandatSimple_Type", "uid": "PM789757", "acteurRef": "PA304017", "legislature": null, "typeOrgane": "CMP", "dateDebut": "2022-02-09", "datePublication": "2022-02-11", "dateFin": "2022-02-24", "preseance": "28", "nominPrincipale": "1", "infosQualite": {"codeQualite": "Suppl\u00e9ant", "libQualite": "Membre suppl\u00e9ant", "libQualiteSex": "Membre suppl\u00e9ante"}, "organes": {"organeRef": "PO789726"}}, {"@xmlns:xsi": "http://www.w3.org/2001/XMLSchema-instance", "@xsi:type": "MandatSimple_Type", "uid": "PM749533", "acteurRef": "PA304017", "legislature": null, "typeOrgane": "CMP", "dateDebut": "2018-02-13", "datePublication": "2018-02-14", "dateFin": "2018-02-15", "preseance": "1", "nominPrincipale": "1", "infosQualite": {"codeQualite": "Pr\u00e9sident", "libQualite": "Pr\u00e9sident", "libQualiteSex": "Pr\u00e9sidente"}, "organes": {"organeRef": "PO749252"}}, {"@xmlns:xsi": "http://www.w3.org/2001/XMLSchema-instance", "@xsi:type": "MandatSimple_Type", "uid": "PM766631", "acteurRef": "PA304017", "legislature": null, "typeOrgane": "CMP", "dateDebut": "2019-07-23", "datePublication": "2019-07-24", "dateFin": "2019-07-25", "preseance": "4", "nominPrincipale": "1", "infosQualite": {"codeQualite": "Vice-Pr\u00e9sident", "libQualite": "Vice-Pr\u00e9sident", "libQualiteSex": "Vice-Pr\u00e9sidente"}, "organes": {"organeRef": "PO766521"}}, {"@xmlns:xsi": "http://www.w3.org/2001/XMLSchema-instance", "@xsi:type": "MandatSimple_Type", "uid": "PM765543", "acteurRef": "PA304017", "legislature": null, "typeOrgane": "CMP", "dateDebut": "2019-06-04", "datePublication": "2019-06-05", "dateFin": "2019-07-16", "preseance": "4", "nominPrincipale": "1", "infosQualite": {"codeQualite": "Vice-Pr\u00e9sident", "libQualite": "Vice-Pr\u00e9sident", "libQualiteSex": "Vice-Pr\u00e9sidente"}, "organes": {"organeRef": "PO765339"}}, {"@xmlns:xsi": "http://www.w3.org/2001/XMLSchema-instance", "@xsi:type": "MandatSimple_Type", "uid": "PM713738", "acteurRef": "PA304017", "legislature": null, "typeOrgane": "CMP", "dateDebut": "2016-06-15", "datePublication": "2016-06-17", "dateFin": "2016-06-22", "preseance": "4", "nominPrincipale": "1", "infosQualite": {"codeQualite": "Vice-Pr\u00e9sident", "libQualite": "Vice-Pr\u00e9sident", "libQualiteSex": "Vice-Pr\u00e9sidente"}, "organes": {"organeRef": "PO713419"}}, {"@xmlns:xsi": "http://www.w3.org/2001/XMLSchema-instance", "@xsi:type": "MandatSimple_Type", "uid": "PM765765", "acteurRef": "PA304017", "legislature": null, "typeOrgane": "CMP", "dateDebut": "2019-06-13", "datePublication": "2019-06-14", "dateFin": "2019-07-04", "preseance": "1", "nominPrincipale": "1", "infosQualite": {"codeQualite": "Pr\u00e9sident", "libQualite": "Pr\u00e9sident", "libQualiteSex": "Pr\u00e9sidente"}, "organes": {"organeRef": "PO765254"}}, {"@xmlns:xsi": "http://www.w3.org/2001/XMLSchema-instance", "@xsi:type": "MandatSimple_Type", "uid": "PM783957", "acteurRef": "PA304017", "legislature": null, "typeOrgane": "CMP", "dateDebut": "2021-06-24", "datePublication": "2021-06-26", "dateFin": "2021-09-29", "preseance": "28", "nominPrincipale": "1", "infosQualite": {"codeQualite": "Suppl\u00e9ant", "libQualite": "Membre suppl\u00e9ant", "libQualiteSex": "Membre suppl\u00e9ante"}, "organes": {"organeRef": "PO783905"}}, {"@xmlns:xsi": "http://www.w3.org/2001/XMLSchema-instance", "@xsi:type": "MandatSimple_Type", "uid": "PM706377", "acteurRef": "PA304017", "legislature": null, "typeOrgane": "CMP", "dateDebut": "2015-02-17", "datePublication": "2015-02-18", "dateFin": "2015-04-02", "preseance": "4", "nominPrincipale": "1", "infosQualite": {"codeQualite": "Vice-Pr\u00e9sident", "libQualite": "Vice-Pr\u00e9sident", "libQualiteSex": "Vice-Pr\u00e9sidente"}, "organes": {"organeRef": "PO706223"}}, {"@xmlns:xsi": "http://www.w3.org/2001/XMLSchema-instance", "@xsi:type": "MandatSimple_Type", "uid": "PM706597", "acteurRef": "PA304017", "legislature": null, "typeOrgane": "CMP", "dateDebut": "2015-03-11", "datePublication": "2015-03-12", "dateFin": "2015-05-25", "preseance": "1", "nominPrincipale": "1", "infosQualite": {"codeQualite": "Pr\u00e9sident", "libQualite": "Pr\u00e9sident", "libQualiteSex": "Pr\u00e9sidente"}, "organes": {"organeRef": "PO706404"}}, {"@xmlns:xsi": "http://www.w3.org/2001/XMLSchema-instance", "@xsi:type": "MandatSimple_Type", "uid": "PM783936", "acteurRef": "PA304017", "legislature": null, "typeOrgane": "CMP", "dateDebut": "2021-06-24", "datePublication": "2021-06-26", "dateFin": "2021-09-29", "preseance": "28", "nominPrincipale": "1", "infosQualite": {"codeQualite": "Suppl\u00e9ant", "libQualite": "Membre suppl\u00e9ant", "libQualiteSex": "Membre suppl\u00e9ante"}, "organes": {"organeRef": "PO783898"}}, {"@xmlns:xsi": "http://www.w3.org/2001/XMLSchema-instance", "@xsi:type": "MandatParlementaire_type", "uid": "PM304261", "acteurRef": "PA304017", "legislature": null, "typeOrgane": "SENAT", "dateDebut": "2004-10-01", "datePublication": "2004-10-02", "dateFin": "2014-09-30", "preseance": "20", "nominPrincipale": "1", "infosQualite": {"codeQualite": "S\u00e9nateur", "libQualite": "SENATEUR", "libQualiteSex": "S\u00e9nateur 5\u00e8me R\u00e9publique"}, "organes": {"organeRef": "PO78718"}, "suppleants": null, "chambre": null, "election": {"lieu": {"region": null, "regionType": null, "departement": null, "numDepartement": "76", "numCirco": null}, "causeMandat": null}, "mandature": {"datePriseFonction": null, "causeFin": null, "premiereElection": "0", "placeHemicycle": null, "mandatRemplaceRef": null}, "collaborateurs": null}, {"@xmlns:xsi": "http://www.w3.org/2001/XMLSchema-instance", "@xsi:type": "MandatParlementaire_type", "uid": "PM703669", "acteurRef": "PA304017", "legislature": null, "typeOrgane": "SENAT", "dateDebut": "2014-10-01", "datePublication": null, "dateFin": "2020-09-30", "preseance": "20", "nominPrincipale": "1", "infosQualite": {"codeQualite": "S\u00e9nateur", "libQualite": "SENATEUR", "libQualiteSex": "S\u00e9nateur 5\u00e8me R\u00e9publique"}, "organes": {"organeRef": "PO78718"}, "suppleants": null, "chambre": null, "election": {"lieu": {"region": null, "regionType": null, "departement": null, "numDepartement": "76", "numCirco": null}, "causeMandat": null}, "mandature": {"datePriseFonction": null, "causeFin": null, "premiereElection": "0", "placeHemicycle": null, "mandatRemplaceRef": null}, "collaborateurs": null}]}}}