{"acteur": {"@xmlns": "http://schemas.assemblee-nationale.fr/referentiel", "uid": {"@xmlns:xsi": "http://www.w3.org/2001/XMLSchema-instance", "@xsi:type": "IdActeur_type", "#text": "PA314"}, "etatCivil": {"ident": {"civ": "M.", "prenom": "Olivier", "nom": "Audibert Troin", "alpha": "AudibertTroin", "trigramme": {"@xmlns:xsi": "http://www.w3.org/2001/XMLSchema-instance", "@xsi:nil": "true"}}, "infoNaissance": {"dateNais": "1960-08-16", "villeNais": "Draguignan", "depNais": "Var", "paysNais": "France"}, "dateDeces": {"@xmlns:xsi": "http://www.w3.org/2001/XMLSchema-instance", "@xsi:nil": "true"}}, "profession": {"libelleCourant": "Agent g\u00e9n\u00e9ral d'assurances", "socProcINSEE": {"catSocPro": "Commer\u00e7ants et assimil\u00e9s", "famSocPro": "Artisans, commer\u00e7ants et chefs d'entreprise"}}, "uri_hatvp": {"@xmlns:xsi": "http://www.w3.org/2001/XMLSchema-instance", "@xsi:nil": "true"}, "adresses": {"adresse": [{"@xmlns:xsi": "http://www.w3.org/2001/XMLSchema-instance", "@xsi:type": "AdresseMail_Type", "uid": "AD648498", "type": "15", "typeLibelle": "M\u00e8l", "poids": null, "adresseDeRattachement": null, "valElec": "oaudiberttroin@assemblee-nationale.fr"}, {"@xmlns:xsi": "http://www.w3.org/2001/XMLSchema-instance", "@xsi:type": "AdressePostale_Type", "uid": "AD650634", "type": "0", "typeLibelle": "Adresse officielle", "poids": "1", "adresseDeRattachement": null, "intitule": "Assembl\u00e9e nationale,", "numeroRue": "126", "nomRue": "Rue de l'Universit\u00e9,", "complementAdresse": null, "codePostal": "75355", "ville": "PARIS 07 SP"}]}, "mandats": {"mandat": [{"@xmlns:xsi": "http://www.w3.org/2001/XMLSchema-instance", "@xsi:type": "MandatSimple_Type", "uid": "PM685427", "acteurRef": "PA314", "legislature": null, "typeOrgane": "PARPOL", "dateDebut": "2012-12-01", "datePublication": null, "dateFin": "2015-11-30", "preseance": "5", "nominPrincipale": "1", "infosQualite": {"codeQualite": "Membre", "libQualite": "Membre", "libQualiteSex": "Membre"}, "organes": {"organeRef": "PO684942"}}, {"@xmlns:xsi": "http://www.w3.org/2001/XMLSchema-instance", "@xsi:type": "MandatSimple_Type", "uid": "PM710402", "acteurRef": "PA314", "legislature": null, "typeOrgane": "PARPOL", "dateDebut": "2015-12-01", "datePublication": null, "dateFin": "2017-06-20", "preseance": "5", "nominPrincipale": "1", "infosQualite": {"codeQualite": "Membre", "libQualite": "Membre", "libQualiteSex": "Membre"}, "organes": {"organeRef": "PO710396"}}, {"@xmlns:xsi": "http://www.w3.org/2001/XMLSchema-instance", "@xsi:type": "MandatMission_Type", "uid": "PM710150", "acteurRef": "PA314", "legislature": "14", "typeOrgane": "MISINFO", "dateDebut": "2015-11-03", "datePublication": null, "dateFin": "2016-06-22", "preseance": "9", "nominPrincipale": "1", "infosQualite": {"codeQualite": "Rapporteur", "libQualite": "Rapporteur", "libQualiteSex": "Rapporteur"}, "organes": {"organeRef": "PO710138"}, "libelle": null, "missionSuivanteRef": null, "missionPrecedenteRef": null}, {"@xmlns:xsi": "http://www.w3.org/2001/XMLSchema-instance", "@xsi:type": "MandatSimple_Type", "uid": "PM682624", "acteurRef": "PA314", "legislature": "14", "typeOrgane": "GEVI", "dateDebut": "2012-10-18", "datePublication": null, "dateFin": "2017-06-20", "preseance": "20", "nominPrincipale": "1", "infosQualite": {"codeQualite": "Membre", "libQualite": "Membre", "libQualiteSex": "Membre"}, "organes": {"organeRef": "PO675743"}}, {"@xmlns:xsi": "http://www.w3.org/2001/XMLSchema-instance", "@xsi:type": "MandatMission_Type", "uid": "PM712169", "acteurRef": "PA314", "legislature": "14", "typeOrgane": "MISINFO", "dateDebut": "2014-10-02", "datePublication": null, "dateFin": "2015-05-06", "preseance": "10", "nominPrincipale": "1", "infosQualite": {"codeQualite": "Membre", "libQualite": "Membre", "libQualiteSex": "Membre"}, "organes": {"organeRef": "PO712165"}, "libelle": null, "missionSuivanteRef": null, "missionPrecedenteRef": null}, {"@xmlns:xsi": "http://www.w3.org/2001/XMLSchema-instance", "@xsi:type": "MandatSimple_Type", "uid": "PM708844", "acteurRef": "PA314", "legislature": "14", "typeOrgane": "CNPE", "dateDebut": "2015-07-02", "datePublication": "2015-07-03", "dateFin": "2015-12-31", "preseance": "20", "nominPrincipale": "1", "infosQualite": {"codeQualite": "Membre", "libQualite": "Membre", "libQualiteSex": "Membre"}, "organes": {"organeRef": "PO708697"}}, {"@xmlns:xsi": "http://www.w3.org/2001/XMLSchema-instance", "@xsi:type": "MandatSimple_Type", "uid": "PM656330", "acteurRef": "PA314", "legislature": "14", "typeOrgane": "GP", "dateDebut": "2012-06-26", "datePublication": "2012-06-27", "dateFin": "2015-06-01", "preseance": "20", "nominPrincipale": "1", "infosQualite": {"codeQualite": "Membre", "libQualite": "Membre du", "libQualiteSex": "Membre du"}, "organes": {"organeRef": "PO656006"}}, {"@xmlns:xsi": "http://www.w3.org/2001/XMLSchema-instance", "@xsi:type": "MandatSimple_Type", "uid": "PM708090", "acteurRef": "PA314", "legislature": "14", "typeOrgane": "GP", "dateDebut": "2015-06-02", "datePublication": "2015-06-02", "dateFin": "2017-06-20", "preseance": "20", "nominPrincipale": "1", "infosQualite": {"codeQualite": "Membre", "libQualite": "Membre du", "libQualiteSex": "Membre du"}, "organes": {"organeRef": "PO707869"}}, {"@xmlns:xsi": "http://www.w3.org/2001/XMLSchema-instance", "@xsi:type": "MandatSimple_Type", "uid": "PM657245", "acteurRef": "PA314", "legislature": "14", "typeOrgane": "COMPER", "dateDebut": "2012-06-28", "datePublication": "2012-06-28", "dateFin": "2017-06-20", "preseance": "32", "nominPrincipale": "1", "infosQualite": {"codeQualite": "Membre", "libQualite": "Membre", "libQualiteSex": "Membre"}, "organes": {"organeRef": "PO59046"}}, {"@xmlns:xsi": "http://www.w3.org/2001/XMLSchema-instance", "@xsi:type": "MandatSimple_Type", "uid": "PM705913", "acteurRef": "PA314", "legislature": "14", "typeOrgane": "GE", "dateDebut": "2014-07-01", "datePublication": null, "dateFin": "2017-06-20", "preseance": "20", "nominPrincipale": "1", "infosQualite": {"codeQualite": "Membre", "libQualite": "Membre", "libQualiteSex": "Membre"}, "organes": {"organeRef": "PO695587"}}, {"@xmlns:xsi": "http://www.w3.org/2001/XMLSchema-instance", "@xsi:type": "MandatSimple_Type", "uid": "PM692908", "acteurRef": "PA314", "legislature": "14", "typeOrgane": "GE", "dateDebut": "2013-03-25", "datePublication": null, "dateFin": "2017-06-20", "preseance": "20", "nominPrincipale": "1", "infosQualite": {"codeQualite": "Membre", "libQualite": "Membre", "libQualiteSex": "Membre"}, "organes": {"organeRef": "PO689030"}}, {"@xmlns:xsi": "http://www.w3.org/2001/XMLSchema-instance", "@xsi:type": "MandatSimple_Type", "uid": "PM690093", "acteurRef": "PA314", "legislature": "14", "typeOrgane": "GE", "dateDebut": "2013-02-04", "datePublication": null, "dateFin": "2017-06-20", "preseance": "20", "nominPrincipale": "1", "infosQualite": {"codeQualite": "Membre", "libQualite": "Membre", "libQualiteSex": "Membre"}, "organes": {"organeRef": "PO686275"}}, {"@xmlns:xsi": "http://www.w3.org/2001/XMLSchema-instance", "@xsi:type": "MandatSimple_Type", "uid": "PM689148", "acteurRef": "PA314", "legislature": "14", "typeOrgane": "GE", "dateDebut": "2013-01-16", "datePublication": null, "dateFin": "2017-06-20", "preseance": "20", "nominPrincipale": "1", "infosQualite": {"codeQualite": "Membre", "libQualite": "Membre", "libQualiteSex": "Membre"}, "organes": {"organeRef": "PO686617"}}, {"@xmlns:xsi": "http://www.w3.org/2001/XMLSchema-instance", "@xsi:type": "MandatSimple_Type", "uid": "PM698392", "acteurRef": "PA314", "legislature": "14", "typeOrgane": "GE", "dateDebut": "2013-11-12", "datePublication": null, "dateFin": "2017-06-20", "preseance": "20", "nominPrincipale": "1", "infosQualite": {"codeQualite": "Membre", "libQualite": "Membre", "libQualiteSex": "Membre"}, "organes": {"organeRef": "PO695575"}}, {"@xmlns:xsi": "http://www.w3.org/2001/XMLSchema-instance", "@xsi:type": "MandatSimple_Type", "uid": "PM694457", "acteurRef": "PA314", "legislature": "14", "typeOrgane": "GE", "dateDebut": "2013-05-16", "datePublication": null, "dateFin": "2017-06-20", "preseance": "20", "nominPrincipale": "1", "infosQualite": {"codeQualite": "Membre", "libQualite": "Membre", "libQualiteSex": "Membre"}, "organes": {"organeRef": "PO692271"}}, {"@xmlns:xsi": "http://www.w3.org/2001/XMLSchema-instance", "@xsi:type": "MandatSimple_Type", "uid": "PM688078", "acteurRef": "PA314", "legislature": "14", "typeOrgane": "GE", "dateDebut": "2013-01-17", "datePublication": null, "dateFin": "2017-06-20", "preseance": "20", "nominPrincipale": "1", "infosQualite": {"codeQualite": "Membre", "libQualite": "Membre", "libQualiteSex": "Membre"}, "organes": {"organeRef": "PO686785"}}, {"@xmlns:xsi": "http://www.w3.org/2001/XMLSchema-instance", "@xsi:type": "MandatSimple_Type", "uid": "PM692836", "acteurRef": "PA314", "legislature": "14", "typeOrgane": "GE", "dateDebut": "2013-03-19", "datePublication": null, "dateFin": "2017-06-20", "preseance": "12", "nominPrincipale": "1", "infosQualite": {"codeQualite": "Secr\u00e9taire", "libQualite": "Secr\u00e9taire", "libQualiteSex": "Secr\u00e9taire"}, "organes": {"organeRef": "PO686835"}}, {"@xmlns:xsi": "http://www.w3.org/2001/XMLSchema-instance", "@xsi:type": "MandatSimple_Type", "uid": "PM692195", "acteurRef": "PA314", "legislature": "14", "typeOrgane": "GE", "dateDebut": "2013-02-27", "datePublication": null, "dateFin": "2017-06-20", "preseance": "20", "nominPrincipale": "1", "infosQualite": {"codeQualite": "Membre", "libQualite": "Membre", "libQualiteSex": "Membre"}, "organes": {"organeRef": "PO686810"}}, {"@xmlns:xsi": "http://www.w3.org/2001/XMLSchema-instance", "@xsi:type": "MandatSimple_Type", "uid": "PM692696", "acteurRef": "PA314", "legislature": "14", "typeOrgane": "GE", "dateDebut": "2013-03-14", "datePublication": null, "dateFin": "2017-06-20", "preseance": "20", "nominPrincipale": "1", "infosQualite": {"codeQualite": "Membre", "libQualite": "Membre", "libQualiteSex": "Membre"}, "organes": {"organeRef": "PO686835"}}, {"@xmlns:xsi": "http://www.w3.org/2001/XMLSchema-instance", "@xsi:type": "MandatSimple_Type", "uid": "PM688358", "acteurRef": "PA314", "legislature": "14", "typeOrgane": "GE", "dateDebut": "2013-01-16", "datePublication": null, "dateFin": "2017-06-20", "preseance": "20", "nominPrincipale": "1", "infosQualite": {"codeQualite": "Membre", "libQualite": "Membre", "libQualiteSex": "Membre"}, "organes": {"organeRef": "PO686204"}}, {"@xmlns:xsi": "http://www.w3.org/2001/XMLSchema-instance", "@xsi:type": "MandatSimple_Type", "uid": "PM705508", "acteurRef": "PA314", "legislature": "14", "typeOrgane": "GE", "dateDebut": "2014-12-16", "datePublication": null, "dateFin": "2017-06-20", "preseance": "20", "nominPrincipale": "1", "infosQualite": {"codeQualite": "Membre", "libQualite": "Membre", "libQualiteSex": "Membre"}, "organes": {"organeRef": "PO704831"}}, {"@xmlns:xsi": "http://www.w3.org/2001/XMLSchema-instance", "@xsi:type": "MandatSimple_Type", "uid": "PM682598", "acteurRef": "PA314", "legislature": "14", "typeOrgane": "GA", "dateDebut": "2012-10-18", "datePublication": null, "dateFin": "2017-06-20", "preseance": "20", "nominPrincipale": "1", "infosQualite": {"codeQualite": "Membre", "libQualite": "Membre", "libQualiteSex": "Membre"}, "organes": {"organeRef": "PO675762"}}, {"@xmlns:xsi": "http://www.w3.org/2001/XMLSchema-instance", "@xsi:type": "MandatSimple_Type", "uid": "PM684641", "acteurRef": "PA314", "legislature": "14", "typeOrgane": "GA", "dateDebut": "2012-11-19", "datePublication": null, "dateFin": "2017-06-20", "preseance": "20", "nominPrincipale": "1", "infosQualite": {"codeQualite": "Membre", "libQualite": "Membre", "libQualiteSex": "Membre"}, "organes": {"organeRef": "PO675794"}}, {"@xmlns:xsi": "http://www.w3.org/2001/XMLSchema-instance", "@xsi:type": "MandatSimple_Type", "uid": "PM699017", "acteurRef": "PA314", "legislature": "14", "typeOrgane": "GE", "dateDebut": "2013-12-10", "datePublication": null, "dateFin": "2017-06-20", "preseance": "8", "nominPrincipale": "1", "infosQualite": {"codeQualite": "Vice-Pr\u00e9sident", "libQualite": "Vice-Pr\u00e9sident", "libQualiteSex": "Vice-Pr\u00e9sident"}, "organes": {"organeRef": "PO695575"}}, {"@xmlns:xsi": "http://www.w3.org/2001/XMLSchema-instance", "@xsi:type": "MandatParlementaire_type", "uid": "PM645292", "acteurRef": "PA314", "legislature": "14", "typeOrgane": "ASSEMBLEE", "dateDebut": "2012-06-20", "datePublication": null, "dateFin": "2017-06-20", "preseance": "50", "nominPrincipale": "1", "infosQualite": {"codeQualite": "membre", "libQualite": "membre", "libQualiteSex": "membre"}, "organes": {"organeRef": "PO644420"}, "suppleants": {"suppleant": {"dateDebut": "2012-06-20", "dateFin": "2017-06-20", "suppleantRef": "PA643014"}}, "chambre": null, "election": {"lieu": {"region": "Provence-Alpes-C\u00f4te d'Azur", "regionType": "M\u00e9tropolitain", "departement": "Var", "numDepartement": "83", "numCirco": "8"}, "causeMandat": "\u00e9lections g\u00e9n\u00e9rales", "refCirconscription": "PO645012"}, "mandature": {"datePriseFonction": "2012-06-20", "causeFin": "Fin de l\u00e9gislature", "premiereElection": "0", "placeHemicycle": null, "mandatRemplaceRef": null}, "collaborateurs": null}]}}}