{"acteur": {"@xmlns": "http://schemas.assemblee-nationale.fr/referentiel", "uid": {"@xmlns:xsi": "http://www.w3.org/2001/XMLSchema-instance", "@xsi:type": "IdActeur_type", "#text": "PA336971"}, "etatCivil": {"ident": {"civ": "M.", "prenom": "Daniel", "nom": "Goldberg", "alpha": "Goldberg", "trigramme": {"@xmlns:xsi": "http://www.w3.org/2001/XMLSchema-instance", "@xsi:nil": "true"}}, "infoNaissance": {"dateNais": "1965-08-24", "villeNais": "Saint-Denis", "depNais": "Seine-Saint-Denis", "paysNais": "France"}, "dateDeces": {"@xmlns:xsi": "http://www.w3.org/2001/XMLSchema-instance", "@xsi:nil": "true"}}, "profession": {"libelleCourant": "Ma\u00eetre de conf\u00e9rences", "socProcINSEE": {"catSocPro": "Cadres de la fonction publique, professions intellectuelles et  artistiques", "famSocPro": "Cadres et professions intellectuelles sup\u00e9rieures"}}, "uri_hatvp": {"@xmlns:xsi": "http://www.w3.org/2001/XMLSchema-instance", "@xsi:nil": "true"}, "adresses": {"adresse": [{"@xmlns:xsi": "http://www.w3.org/2001/XMLSchema-instance", "@xsi:type": "AdressePostale_Type", "uid": "AD387101", "type": "0", "typeLibelle": "Adresse officielle", "poids": "1", "adresseDeRattachement": null, "intitule": "Assembl\u00e9e nationale,", "numeroRue": "126", "nomRue": "Rue de l'Universit\u00e9,", "complementAdresse": null, "codePostal": "75355", "ville": "Paris 07 SP"}, {"@xmlns:xsi": "http://www.w3.org/2001/XMLSchema-instance", "@xsi:type": "AdresseMail_Type", "uid": "AD392139", "type": "15", "typeLibelle": "M\u00e8l", "poids": null, "adresseDeRattachement": null, "valElec": "dgoldberg@assemblee-nationale.fr"}]}, "mandats": {"mandat": [{"@xmlns:xsi": "http://www.w3.org/2001/XMLSchema-instance", "@xsi:type": "MandatAvecSuppleant_Type", "uid": "PM423554", "acteurRef": "PA336971", "legislature": "13", "typeOrgane": "COMNL", "dateDebut": "2010-04-06", "datePublication": "2010-04-07", "dateFin": "2012-06-19", "preseance": "20", "nominPrincipale": "1", "infosQualite": {"codeQualite": "Membre", "libQualite": "Membre", "libQualiteSex": "Membre"}, "organes": {"organeRef": "PO420375"}, "suppleants": null}, {"@xmlns:xsi": "http://www.w3.org/2001/XMLSchema-instance", "@xsi:type": "MandatMission_Type", "uid": "PM678198", "acteurRef": "PA336971", "legislature": "14", "typeOrgane": "MISINFOPRE", "dateDebut": "2012-09-20", "datePublication": "2012-09-21", "dateFin": "2013-03-27", "preseance": "20", "nominPrincipale": "1", "infosQualite": {"codeQualite": "Membre", "libQualite": "Membre", "libQualiteSex": "Membre"}, "organes": {"organeRef": "PO677887"}, "libelle": null, "missionSuivanteRef": null, "missionPrecedenteRef": null}, {"@xmlns:xsi": "http://www.w3.org/2001/XMLSchema-instance", "@xsi:type": "MandatSimple_Type", "uid": "PM685757", "acteurRef": "PA336971", "legislature": null, "typeOrgane": "PARPOL", "dateDebut": "2012-12-01", "datePublication": null, "dateFin": "2017-06-20", "preseance": "5", "nominPrincipale": "1", "infosQualite": {"codeQualite": "Membre", "libQualite": "Membre", "libQualiteSex": "Membre"}, "organes": {"organeRef": "PO684932"}}, {"@xmlns:xsi": "http://www.w3.org/2001/XMLSchema-instance", "@xsi:type": "MandatSimple_Type", "uid": "PM403371", "acteurRef": "PA336971", "legislature": "13", "typeOrgane": "API", "dateDebut": "2007-11-08", "datePublication": "2007-11-09", "dateFin": "2012-06-19", "preseance": "20", "nominPrincipale": "1", "infosQualite": {"codeQualite": "Membre", "libQualite": "Membre", "libQualiteSex": "Membre"}, "organes": {"organeRef": "PO201115"}}, {"@xmlns:xsi": "http://www.w3.org/2001/XMLSchema-instance", "@xsi:type": "MandatSimple_Type", "uid": "PM680224", "acteurRef": "PA336971", "legislature": "14", "typeOrgane": "API", "dateDebut": "2012-10-12", "datePublication": null, "dateFin": "2017-06-20", "preseance": "20", "nominPrincipale": "1", "infosQualite": {"codeQualite": "Membre", "libQualite": "Membre", "libQualiteSex": "Membre"}, "organes": {"organeRef": "PO201115"}}, {"@xmlns:xsi": "http://www.w3.org/2001/XMLSchema-instance", "@xsi:type": "MandatMission_Type", "uid": "PM712503", "acteurRef": "PA336971", "legislature": "14", "typeOrgane": "MISINFO", "dateDebut": "2015-10-20", "datePublication": null, "dateFin": "2016-10-25", "preseance": "10", "nominPrincipale": "0", "infosQualite": {"codeQualite": "Membre", "libQualite": "Membre", "libQualiteSex": "Membre"}, "organes": {"organeRef": "PO712465"}, "libelle": null, "missionSuivanteRef": null, "missionPrecedenteRef": null}, {"@xmlns:xsi": "http://www.w3.org/2001/XMLSchema-instance", "@xsi:type": "MandatMission_Type", "uid": "PM712507", "acteurRef": "PA336971", "legislature": "14", "typeOrgane": "MISINFO", "dateDebut": "2015-10-20", "datePublication": null, "dateFin": "2016-10-25", "preseance": "5", "nominPrincipale": "1", "infosQualite": {"codeQualite": "Co-rapporteur", "libQualite": "Co-rapporteur", "libQualiteSex": "Co-rapporteur"}, "organes": {"organeRef": "PO712465"}, "libelle": null, "missionSuivanteRef": null, "missionPrecedenteRef": null}, {"@xmlns:xsi": "http://www.w3.org/2001/XMLSchema-instance", "@xsi:type": "MandatMission_Type", "uid": "PM709285", "acteurRef": "PA336971", "legislature": "14", "typeOrgane": "MISINFO", "dateDebut": "2015-06-24", "datePublication": null, "dateFin": "2016-02-16", "preseance": "10", "nominPrincipale": "0", "infosQualite": {"codeQualite": "Membre", "libQualite": "Membre", "libQualiteSex": "Membre"}, "organes": {"organeRef": "PO709280"}, "libelle": null, "missionSuivanteRef": null, "missionPrecedenteRef": null}, {"@xmlns:xsi": "http://www.w3.org/2001/XMLSchema-instance", "@xsi:type": "MandatSimple_Type", "uid": "PM422510", "acteurRef": "PA336971", "legislature": "13", "typeOrgane": "CNPS", "dateDebut": "2009-12-09", "datePublication": "2009-12-10", "dateFin": "2010-07-06", "preseance": "20", "nominPrincipale": "1", "infosQualite": {"codeQualite": "Membre", "libQualite": "Membre", "libQualiteSex": "Membre"}, "organes": {"organeRef": "PO422492"}}, {"@xmlns:xsi": "http://www.w3.org/2001/XMLSchema-instance", "@xsi:type": "MandatSimple_Type", "uid": "PM446228", "acteurRef": "PA336971", "legislature": "13", "typeOrgane": "CNPE", "dateDebut": "2011-12-13", "datePublication": "2011-12-14", "dateFin": "2012-03-07", "preseance": "20", "nominPrincipale": "1", "infosQualite": {"codeQualite": "Membre", "libQualite": "Membre", "libQualiteSex": "Membre"}, "organes": {"organeRef": "PO446215"}}, {"@xmlns:xsi": "http://www.w3.org/2001/XMLSchema-instance", "@xsi:type": "MandatSimple_Type", "uid": "PM447444", "acteurRef": "PA336971", "legislature": "13", "typeOrgane": "CNPE", "dateDebut": "2011-12-14", "datePublication": "2011-12-15", "dateFin": "2012-03-07", "preseance": "1", "nominPrincipale": "1", "infosQualite": {"codeQualite": "Pr\u00e9sident", "libQualite": "Pr\u00e9sident", "libQualiteSex": "Pr\u00e9sident"}, "organes": {"organeRef": "PO446215"}}, {"@xmlns:xsi": "http://www.w3.org/2001/XMLSchema-instance", "@xsi:type": "MandatSimple_Type", "uid": "PM399623", "acteurRef": "PA336971", "legislature": "13", "typeOrgane": "CNPE", "dateDebut": "2007-10-16", "datePublication": "2007-10-17", "dateFin": "2008-01-23", "preseance": "20", "nominPrincipale": "1", "infosQualite": {"codeQualite": "Membre", "libQualite": "Membre", "libQualiteSex": "Membre"}, "organes": {"organeRef": "PO398680"}}, {"@xmlns:xsi": "http://www.w3.org/2001/XMLSchema-instance", "@xsi:type": "MandatSimple_Type", "uid": "PM656159", "acteurRef": "PA336971", "legislature": "14", "typeOrgane": "GP", "dateDebut": "2012-06-26", "datePublication": "2012-06-27", "dateFin": "2016-05-24", "preseance": "20", "nominPrincipale": "1", "infosQualite": {"codeQualite": "Membre", "libQualite": "Membre du", "libQualiteSex": "Membre du"}, "organes": {"organeRef": "PO656002"}}, {"@xmlns:xsi": "http://www.w3.org/2001/XMLSchema-instance", "@xsi:type": "MandatSimple_Type", "uid": "PM390162", "acteurRef": "PA336971", "legislature": "13", "typeOrgane": "GP", "dateDebut": "2007-06-27", "datePublication": "2007-06-27", "dateFin": "2012-06-19", "preseance": "20", "nominPrincipale": "1", "infosQualite": {"codeQualite": "Membre", "libQualite": "Membre du", "libQualiteSex": "Membre du"}, "organes": {"organeRef": "PO389507"}}, {"@xmlns:xsi": "http://www.w3.org/2001/XMLSchema-instance", "@xsi:type": "MandatSimple_Type", "uid": "PM713222", "acteurRef": "PA336971", "legislature": "14", "typeOrgane": "GP", "dateDebut": "2016-05-25", "datePublication": null, "dateFin": "2017-06-20", "preseance": "20", "nominPrincipale": "1", "infosQualite": {"codeQualite": "Membre", "libQualite": "Membre du", "libQualiteSex": "Membre du"}, "organes": {"organeRef": "PO713077"}}, {"@xmlns:xsi": "http://www.w3.org/2001/XMLSchema-instance", "@xsi:type": "MandatMission_Type", "uid": "PM678398", "acteurRef": "PA336971", "legislature": "14", "typeOrgane": "MISINFOPRE", "dateDebut": "2012-09-25", "datePublication": "2012-09-26", "dateFin": "2013-03-27", "preseance": "16", "nominPrincipale": "1", "infosQualite": {"codeQualite": "Rapporteur", "libQualite": "Rapporteur", "libQualiteSex": "Rapporteur"}, "organes": {"organeRef": "PO677887"}, "libelle": null, "missionSuivanteRef": null, "missionPrecedenteRef": null}, {"@xmlns:xsi": "http://www.w3.org/2001/XMLSchema-instance", "@xsi:type": "MandatSimple_Type", "uid": "PM657549", "acteurRef": "PA336971", "legislature": "14", "typeOrgane": "COMPER", "dateDebut": "2012-06-28", "datePublication": "2012-06-28", "dateFin": "2017-06-20", "preseance": "32", "nominPrincipale": "1", "infosQualite": {"codeQualite": "Membre", "libQualite": "Membre", "libQualiteSex": "Membre"}, "organes": {"organeRef": "PO419610"}}, {"@xmlns:xsi": "http://www.w3.org/2001/XMLSchema-instance", "@xsi:type": "MandatSimple_Type", "uid": "PM424370", "acteurRef": "PA336971", "legislature": "13", "typeOrgane": "COMPER", "dateDebut": "2010-06-18", "datePublication": "2010-06-18", "dateFin": "2011-02-08", "preseance": "32", "nominPrincipale": "1", "infosQualite": {"codeQualite": "Membre", "libQualite": "Membre", "libQualiteSex": "Membre"}, "organes": {"organeRef": "PO419610"}}, {"@xmlns:xsi": "http://www.w3.org/2001/XMLSchema-instance", "@xsi:type": "MandatSimple_Type", "uid": "PM424160", "acteurRef": "PA336971", "legislature": "13", "typeOrgane": "COMPER", "dateDebut": "2010-06-03", "datePublication": "2010-06-03", "dateFin": "2010-06-08", "preseance": "32", "nominPrincipale": "1", "infosQualite": {"codeQualite": "Membre", "libQualite": "Membre", "libQualiteSex": "Membre"}, "organes": {"organeRef": "PO419610"}}, {"@xmlns:xsi": "http://www.w3.org/2001/XMLSchema-instance", "@xsi:type": "MandatSimple_Type", "uid": "PM424229", "acteurRef": "PA336971", "legislature": "13", "typeOrgane": "COMPER", "dateDebut": "2010-06-09", "datePublication": "2010-06-09", "dateFin": "2010-06-17", "preseance": "32", "nominPrincipale": "1", "infosQualite": {"codeQualite": "Membre", "libQualite": "Membre", "libQualiteSex": "Membre"}, "organes": {"organeRef": "PO59051"}}, {"@xmlns:xsi": "http://www.w3.org/2001/XMLSchema-instance", "@xsi:type": "MandatSimple_Type", "uid": "PM420630", "acteurRef": "PA336971", "legislature": "13", "typeOrgane": "COMPER", "dateDebut": "2009-07-01", "datePublication": "2009-07-01", "dateFin": "2009-11-06", "preseance": "32", "nominPrincipale": "1", "infosQualite": {"codeQualite": "Membre", "libQualite": "Membre", "libQualiteSex": "Membre"}, "organes": {"organeRef": "PO419610"}}, {"@xmlns:xsi": "http://www.w3.org/2001/XMLSchema-instance", "@xsi:type": "MandatSimple_Type", "uid": "PM418807", "acteurRef": "PA336971", "legislature": "13", "typeOrgane": "COMPER", "dateDebut": "2009-03-28", "datePublication": "2009-03-28", "dateFin": "2009-05-04", "preseance": "32", "nominPrincipale": "1", "infosQualite": {"codeQualite": "Membre", "libQualite": "Membre", "libQualiteSex": "Membre"}, "organes": {"organeRef": "PO59051"}}, {"@xmlns:xsi": "http://www.w3.org/2001/XMLSchema-instance", "@xsi:type": "MandatSimple_Type", "uid": "PM492844", "acteurRef": "PA336971", "legislature": "13", "typeOrgane": "COMPER", "dateDebut": "2012-02-02", "datePublication": "2012-02-02", "dateFin": "2012-06-19", "preseance": "32", "nominPrincipale": "1", "infosQualite": {"codeQualite": "Membre", "libQualite": "Membre", "libQualiteSex": "Membre"}, "organes": {"organeRef": "PO419865"}}, {"@xmlns:xsi": "http://www.w3.org/2001/XMLSchema-instance", "@xsi:type": "MandatSimple_Type", "uid": "PM419488", "acteurRef": "PA336971", "legislature": "13", "typeOrgane": "COMPER", "dateDebut": "2009-06-18", "datePublication": "2009-06-18", "dateFin": "2009-06-30", "preseance": "32", "nominPrincipale": "1", "infosQualite": {"codeQualite": "Membre", "libQualite": "Membre", "libQualiteSex": "Membre"}, "organes": {"organeRef": "PO277060"}}, {"@xmlns:xsi": "http://www.w3.org/2001/XMLSchema-instance", "@xsi:type": "MandatSimple_Type", "uid": "PM419237", "acteurRef": "PA336971", "legislature": "13", "typeOrgane": "COMPER", "dateDebut": "2009-05-05", "datePublication": "2009-05-05", "dateFin": "2009-06-11", "preseance": "32", "nominPrincipale": "1", "infosQualite": {"codeQualite": "Membre", "libQualite": "Membre", "libQualiteSex": "Membre"}, "organes": {"organeRef": "PO277060"}}, {"@xmlns:xsi": "http://www.w3.org/2001/XMLSchema-instance", "@xsi:type": "MandatSimple_Type", "uid": "PM424086", "acteurRef": "PA336971", "legislature": "13", "typeOrgane": "COMPER", "dateDebut": "2010-05-22", "datePublication": "2010-05-22", "dateFin": "2010-06-02", "preseance": "32", "nominPrincipale": "1", "infosQualite": {"codeQualite": "Membre", "libQualite": "Membre", "libQualiteSex": "Membre"}, "organes": {"organeRef": "PO59051"}}, {"@xmlns:xsi": "http://www.w3.org/2001/XMLSchema-instance", "@xsi:type": "MandatSimple_Type", "uid": "PM427109", "acteurRef": "PA336971", "legislature": "13", "typeOrgane": "COMPER", "dateDebut": "2011-02-09", "datePublication": "2011-02-09", "dateFin": "2012-01-31", "preseance": "32", "nominPrincipale": "1", "infosQualite": {"codeQualite": "Membre", "libQualite": "Membre", "libQualiteSex": "Membre"}, "organes": {"organeRef": "PO419865"}}, {"@xmlns:xsi": "http://www.w3.org/2001/XMLSchema-instance", "@xsi:type": "MandatSimple_Type", "uid": "PM390494", "acteurRef": "PA336971", "legislature": "13", "typeOrgane": "COMPER", "dateDebut": "2007-06-27", "datePublication": "2007-06-28", "dateFin": "2008-02-05", "preseance": "32", "nominPrincipale": "1", "infosQualite": {"codeQualite": "Membre", "libQualite": "Membre", "libQualiteSex": "Membre"}, "organes": {"organeRef": "PO59045"}}, {"@xmlns:xsi": "http://www.w3.org/2001/XMLSchema-instance", "@xsi:type": "MandatSimple_Type", "uid": "PM419440", "acteurRef": "PA336971", "legislature": "13", "typeOrgane": "COMPER", "dateDebut": "2009-06-12", "datePublication": "2009-06-12", "dateFin": "2009-06-17", "preseance": "32", "nominPrincipale": "1", "infosQualite": {"codeQualite": "Membre", "libQualite": "Membre", "libQualiteSex": "Membre"}, "organes": {"organeRef": "PO59051"}}, {"@xmlns:xsi": "http://www.w3.org/2001/XMLSchema-instance", "@xsi:type": "MandatSimple_Type", "uid": "PM422386", "acteurRef": "PA336971", "legislature": "13", "typeOrgane": "COMPER", "dateDebut": "2009-11-26", "datePublication": "2009-11-26", "dateFin": "2010-05-21", "preseance": "32", "nominPrincipale": "1", "infosQualite": {"codeQualite": "Membre", "libQualite": "Membre", "libQualiteSex": "Membre"}, "organes": {"organeRef": "PO419610"}}, {"@xmlns:xsi": "http://www.w3.org/2001/XMLSchema-instance", "@xsi:type": "MandatSimple_Type", "uid": "PM422210", "acteurRef": "PA336971", "legislature": "13", "typeOrgane": "COMPER", "dateDebut": "2009-11-07", "datePublication": "2009-11-07", "dateFin": "2009-11-25", "preseance": "32", "nominPrincipale": "1", "infosQualite": {"codeQualite": "Membre", "libQualite": "Membre", "libQualiteSex": "Membre"}, "organes": {"organeRef": "PO419865"}}, {"@xmlns:xsi": "http://www.w3.org/2001/XMLSchema-instance", "@xsi:type": "MandatSimple_Type", "uid": "PM491686", "acteurRef": "PA336971", "legislature": "13", "typeOrgane": "COMPER", "dateDebut": "2012-02-01", "datePublication": "2012-02-01", "dateFin": "2012-02-01", "preseance": "32", "nominPrincipale": "1", "infosQualite": {"codeQualite": "Membre", "libQualite": "Membre", "libQualiteSex": "Membre"}, "organes": {"organeRef": "PO59051"}}, {"@xmlns:xsi": "http://www.w3.org/2001/XMLSchema-instance", "@xsi:type": "MandatSimple_Type", "uid": "PM408348", "acteurRef": "PA336971", "legislature": "13", "typeOrgane": "COMPER", "dateDebut": "2008-02-05", "datePublication": "2008-02-06", "dateFin": "2009-03-27", "preseance": "32", "nominPrincipale": "1", "infosQualite": {"codeQualite": "Membre", "libQualite": "Membre", "libQualiteSex": "Membre"}, "organes": {"organeRef": "PO277060"}}, {"@xmlns:xsi": "http://www.w3.org/2001/XMLSchema-instance", "@xsi:type": "MandatMission_Type", "uid": "PM709293", "acteurRef": "PA336971", "legislature": "14", "typeOrgane": "MISINFO", "dateDebut": "2015-06-24", "datePublication": null, "dateFin": "2016-02-16", "preseance": "1", "nominPrincipale": "1", "infosQualite": {"codeQualite": "Pr\u00e9sident-rapporteur", "libQualite": "Pr\u00e9sident-rapporteur", "libQualiteSex": "Pr\u00e9sident-rapporteur"}, "organes": {"organeRef": "PO709280"}, "libelle": null, "missionSuivanteRef": null, "missionPrecedenteRef": null}, {"@xmlns:xsi": "http://www.w3.org/2001/XMLSchema-instance", "@xsi:type": "MandatSimple_Type", "uid": "PM418504", "acteurRef": "PA336971", "legislature": "13", "typeOrgane": "CMP", "dateDebut": "2009-02-11", "datePublication": "2009-02-12", "dateFin": "2009-02-19", "preseance": "20", "nominPrincipale": "1", "infosQualite": {"codeQualite": "Titulaire", "libQualite": "Membre titulaire", "libQualiteSex": "Membre titulaire"}, "organes": {"organeRef": "PO418487"}}, {"@xmlns:xsi": "http://www.w3.org/2001/XMLSchema-instance", "@xsi:type": "MandatSimple_Type", "uid": "PM678834", "acteurRef": "PA336971", "legislature": "14", "typeOrgane": "CMP", "dateDebut": "2012-10-02", "datePublication": "2012-10-03", "dateFin": "2012-10-15", "preseance": "20", "nominPrincipale": "1", "infosQualite": {"codeQualite": "Titulaire", "libQualite": "Membre titulaire", "libQualiteSex": "Membre titulaire"}, "organes": {"organeRef": "PO678619"}}, {"@xmlns:xsi": "http://www.w3.org/2001/XMLSchema-instance", "@xsi:type": "MandatSimple_Type", "uid": "PM700096", "acteurRef": "PA336971", "legislature": "14", "typeOrgane": "CMP", "dateDebut": "2014-02-11", "datePublication": "2014-02-12", "dateFin": "2014-02-27", "preseance": "16", "nominPrincipale": "1", "infosQualite": {"codeQualite": "Rapporteur", "libQualite": "Rapporteur", "libQualiteSex": "Rapporteur"}, "organes": {"organeRef": "PO699751"}}, {"@xmlns:xsi": "http://www.w3.org/2001/XMLSchema-instance", "@xsi:type": "MandatSimple_Type", "uid": "PM699999", "acteurRef": "PA336971", "legislature": "14", "typeOrgane": "CMP", "dateDebut": "2014-02-07", "datePublication": "2014-02-08", "dateFin": "2014-02-27", "preseance": "20", "nominPrincipale": "1", "infosQualite": {"codeQualite": "Titulaire", "libQualite": "Membre titulaire", "libQualiteSex": "Membre titulaire"}, "organes": {"organeRef": "PO699751"}}, {"@xmlns:xsi": "http://www.w3.org/2001/XMLSchema-instance", "@xsi:type": "MandatSimple_Type", "uid": "PM423942", "acteurRef": "PA336971", "legislature": "13", "typeOrgane": "CMP", "dateDebut": "2010-05-11", "datePublication": "2010-05-12", "dateFin": "2010-06-16", "preseance": "20", "nominPrincipale": "1", "infosQualite": {"codeQualite": "Titulaire", "libQualite": "Membre titulaire", "libQualiteSex": "Membre titulaire"}, "organes": {"organeRef": "PO423795"}}, {"@xmlns:xsi": "http://www.w3.org/2001/XMLSchema-instance", "@xsi:type": "MandatSimple_Type", "uid": "PM393947", "acteurRef": "PA336971", "legislature": "13", "typeOrgane": "CMP", "dateDebut": "2007-07-27", "datePublication": "2007-07-28", "dateFin": "2007-07-31", "preseance": "20", "nominPrincipale": "1", "infosQualite": {"codeQualite": "Titulaire", "libQualite": "Membre titulaire", "libQualiteSex": "Membre titulaire"}, "organes": {"organeRef": "PO393935"}}, {"@xmlns:xsi": "http://www.w3.org/2001/XMLSchema-instance", "@xsi:type": "MandatSimple_Type", "uid": "PM688844", "acteurRef": "PA336971", "legislature": "14", "typeOrgane": "GE", "dateDebut": "2013-01-16", "datePublication": null, "dateFin": "2017-06-20", "preseance": "20", "nominPrincipale": "1", "infosQualite": {"codeQualite": "Membre", "libQualite": "Membre", "libQualiteSex": "Membre"}, "organes": {"organeRef": "PO686204"}}, {"@xmlns:xsi": "http://www.w3.org/2001/XMLSchema-instance", "@xsi:type": "MandatSimple_Type", "uid": "PM688603", "acteurRef": "PA336971", "legislature": "14", "typeOrgane": "GE", "dateDebut": "2013-01-23", "datePublication": null, "dateFin": "2017-06-20", "preseance": "20", "nominPrincipale": "1", "infosQualite": {"codeQualite": "Membre", "libQualite": "Membre", "libQualiteSex": "Membre"}, "organes": {"organeRef": "PO686196"}}, {"@xmlns:xsi": "http://www.w3.org/2001/XMLSchema-instance", "@xsi:type": "MandatSimple_Type", "uid": "PM692032", "acteurRef": "PA336971", "legislature": "14", "typeOrgane": "GE", "dateDebut": "2013-02-26", "datePublication": null, "dateFin": "2017-06-20", "preseance": "1", "nominPrincipale": "1", "infosQualite": {"codeQualite": "Pr\u00e9sident", "libQualite": "Pr\u00e9sident", "libQualiteSex": "Pr\u00e9sident"}, "organes": {"organeRef": "PO689006"}}, {"@xmlns:xsi": "http://www.w3.org/2001/XMLSchema-instance", "@xsi:type": "MandatSimple_Type", "uid": "PM713512", "acteurRef": "PA336971", "legislature": "14", "typeOrgane": "GE", "dateDebut": "2016-05-31", "datePublication": null, "dateFin": "2017-06-20", "preseance": "20", "nominPrincipale": "1", "infosQualite": {"codeQualite": "Membre", "libQualite": "Membre", "libQualiteSex": "Membre"}, "organes": {"organeRef": "PO712794"}}, {"@xmlns:xsi": "http://www.w3.org/2001/XMLSchema-instance", "@xsi:type": "MandatSimple_Type", "uid": "PM418856", "acteurRef": "PA336971", "legislature": "13", "typeOrgane": "GE", "dateDebut": "2009-03-03", "datePublication": null, "dateFin": "2012-06-19", "preseance": "20", "nominPrincipale": "1", "infosQualite": {"codeQualite": "Membre", "libQualite": "Membre", "libQualiteSex": "Membre"}, "organes": {"organeRef": "PO416217"}}, {"@xmlns:xsi": "http://www.w3.org/2001/XMLSchema-instance", "@xsi:type": "MandatSimple_Type", "uid": "PM408854", "acteurRef": "PA336971", "legislature": "13", "typeOrgane": "GE", "dateDebut": "2008-02-11", "datePublication": null, "dateFin": "2012-06-19", "preseance": "20", "nominPrincipale": "1", "infosQualite": {"codeQualite": "Membre", "libQualite": "Membre", "libQualiteSex": "Membre"}, "organes": {"organeRef": "PO403123"}}, {"@xmlns:xsi": "http://www.w3.org/2001/XMLSchema-instance", "@xsi:type": "MandatSimple_Type", "uid": "PM712324", "acteurRef": "PA336971", "legislature": "14", "typeOrgane": "GE", "dateDebut": "2016-04-07", "datePublication": null, "dateFin": "2017-06-20", "preseance": "20", "nominPrincipale": "1", "infosQualite": {"codeQualite": "Membre", "libQualite": "Membre", "libQualiteSex": "Membre"}, "organes": {"organeRef": "PO712100"}}, {"@xmlns:xsi": "http://www.w3.org/2001/XMLSchema-instance", "@xsi:type": "MandatSimple_Type", "uid": "PM694446", "acteurRef": "PA336971", "legislature": "14", "typeOrgane": "GE", "dateDebut": "2013-05-16", "datePublication": null, "dateFin": "2017-06-20", "preseance": "20", "nominPrincipale": "1", "infosQualite": {"codeQualite": "Membre", "libQualite": "Membre", "libQualiteSex": "Membre"}, "organes": {"organeRef": "PO686241"}}, {"@xmlns:xsi": "http://www.w3.org/2001/XMLSchema-instance", "@xsi:type": "MandatSimple_Type", "uid": "PM410078", "acteurRef": "PA336971", "legislature": "13", "typeOrgane": "GE", "dateDebut": "2008-03-10", "datePublication": null, "dateFin": "2012-06-19", "preseance": "20", "nominPrincipale": "1", "infosQualite": {"codeQualite": "Membre", "libQualite": "Membre", "libQualiteSex": "Membre"}, "organes": {"organeRef": "PO402895"}}, {"@xmlns:xsi": "http://www.w3.org/2001/XMLSchema-instance", "@xsi:type": "MandatSimple_Type", "uid": "PM692031", "acteurRef": "PA336971", "legislature": "14", "typeOrgane": "GE", "dateDebut": "2013-02-26", "datePublication": null, "dateFin": "2017-06-20", "preseance": "20", "nominPrincipale": "0", "infosQualite": {"codeQualite": "Membre", "libQualite": "Membre", "libQualiteSex": "Membre"}, "organes": {"organeRef": "PO689006"}}, {"@xmlns:xsi": "http://www.w3.org/2001/XMLSchema-instance", "@xsi:type": "MandatSimple_Type", "uid": "PM690606", "acteurRef": "PA336971", "legislature": "14", "typeOrgane": "GE", "dateDebut": "2013-02-01", "datePublication": null, "dateFin": "2017-06-20", "preseance": "20", "nominPrincipale": "1", "infosQualite": {"codeQualite": "Membre", "libQualite": "Membre", "libQualiteSex": "Membre"}, "organes": {"organeRef": "PO686459"}}, {"@xmlns:xsi": "http://www.w3.org/2001/XMLSchema-instance", "@xsi:type": "MandatSimple_Type", "uid": "PM689305", "acteurRef": "PA336971", "legislature": "14", "typeOrgane": "GE", "dateDebut": "2013-01-29", "datePublication": null, "dateFin": "2017-06-20", "preseance": "20", "nominPrincipale": "1", "infosQualite": {"codeQualite": "Membre", "libQualite": "Membre", "libQualiteSex": "Membre"}, "organes": {"organeRef": "PO687392"}}, {"@xmlns:xsi": "http://www.w3.org/2001/XMLSchema-instance", "@xsi:type": "MandatSimple_Type", "uid": "PM705975", "acteurRef": "PA336971", "legislature": "14", "typeOrgane": "GE", "dateDebut": "2015-01-27", "datePublication": null, "dateFin": "2017-06-20", "preseance": "20", "nominPrincipale": "1", "infosQualite": {"codeQualite": "Membre", "libQualite": "Membre", "libQualiteSex": "Membre"}, "organes": {"organeRef": "PO705526"}}, {"@xmlns:xsi": "http://www.w3.org/2001/XMLSchema-instance", "@xsi:type": "MandatSimple_Type", "uid": "PM387680", "acteurRef": "PA336971", "legislature": "13", "typeOrgane": "GP", "dateDebut": "2007-06-20", "datePublication": null, "dateFin": "2007-06-26", "preseance": "28", "nominPrincipale": "1", "infosQualite": {"codeQualite": "D\u00e9put\u00e9 non-inscrit", "libQualite": "D\u00e9put\u00e9 non-inscrit", "libQualiteSex": "D\u00e9put\u00e9 non-inscrit"}, "organes": {"organeRef": "PO387155"}}, {"@xmlns:xsi": "http://www.w3.org/2001/XMLSchema-instance", "@xsi:type": "MandatSimple_Type", "uid": "PM679814", "acteurRef": "PA336971", "legislature": "14", "typeOrgane": "GA", "dateDebut": "2012-10-12", "datePublication": null, "dateFin": "2017-06-20", "preseance": "20", "nominPrincipale": "1", "infosQualite": {"codeQualite": "Membre", "libQualite": "Membre", "libQualiteSex": "Membre"}, "organes": {"organeRef": "PO675839"}}, {"@xmlns:xsi": "http://www.w3.org/2001/XMLSchema-instance", "@xsi:type": "MandatSimple_Type", "uid": "PM398122", "acteurRef": "PA336971", "legislature": "13", "typeOrgane": "GA", "dateDebut": "2007-10-11", "datePublication": null, "dateFin": "2012-06-19", "preseance": "20", "nominPrincipale": "1", "infosQualite": {"codeQualite": "Membre", "libQualite": "Membre", "libQualiteSex": "Membre"}, "organes": {"organeRef": "PO392785"}}, {"@xmlns:xsi": "http://www.w3.org/2001/XMLSchema-instance", "@xsi:type": "MandatSimple_Type", "uid": "PM679816", "acteurRef": "PA336971", "legislature": "14", "typeOrgane": "GA", "dateDebut": "2012-10-12", "datePublication": null, "dateFin": "2017-06-20", "preseance": "20", "nominPrincipale": "1", "infosQualite": {"codeQualite": "Membre", "libQualite": "Membre", "libQualiteSex": "Membre"}, "organes": {"organeRef": "PO675772"}}, {"@xmlns:xsi": "http://www.w3.org/2001/XMLSchema-instance", "@xsi:type": "MandatSimple_Type", "uid": "PM395316", "acteurRef": "PA336971", "legislature": "13", "typeOrgane": "GA", "dateDebut": "2007-09-07", "datePublication": null, "dateFin": "2012-06-19", "preseance": "20", "nominPrincipale": "0", "infosQualite": {"codeQualite": "Membre", "libQualite": "Membre", "libQualiteSex": "Membre"}, "organes": {"organeRef": "PO392855"}}, {"@xmlns:xsi": "http://www.w3.org/2001/XMLSchema-instance", "@xsi:type": "MandatSimple_Type", "uid": "PM398124", "acteurRef": "PA336971", "legislature": "13", "typeOrgane": "GA", "dateDebut": "2007-10-11", "datePublication": null, "dateFin": "2012-06-19", "preseance": "20", "nominPrincipale": "1", "infosQualite": {"codeQualite": "Membre", "libQualite": "Membre", "libQualiteSex": "Membre"}, "organes": {"organeRef": "PO393040"}}, {"@xmlns:xsi": "http://www.w3.org/2001/XMLSchema-instance", "@xsi:type": "MandatSimple_Type", "uid": "PM679818", "acteurRef": "PA336971", "legislature": "14", "typeOrgane": "GA", "dateDebut": "2012-10-12", "datePublication": null, "dateFin": "2017-06-20", "preseance": "20", "nominPrincipale": "1", "infosQualite": {"codeQualite": "Membre", "libQualite": "Membre", "libQualiteSex": "Membre"}, "organes": {"organeRef": "PO675716"}}, {"@xmlns:xsi": "http://www.w3.org/2001/XMLSchema-instance", "@xsi:type": "MandatSimple_Type", "uid": "PM678642", "acteurRef": "PA336971", "legislature": "14", "typeOrgane": "GA", "dateDebut": "2012-09-26", "datePublication": null, "dateFin": "2017-06-20", "preseance": "20", "nominPrincipale": "0", "infosQualite": {"codeQualite": "Membre", "libQualite": "Membre", "libQualiteSex": "Membre"}, "organes": {"organeRef": "PO675843"}}, {"@xmlns:xsi": "http://www.w3.org/2001/XMLSchema-instance", "@xsi:type": "MandatSimple_Type", "uid": "PM679811", "acteurRef": "PA336971", "legislature": "14", "typeOrgane": "GA", "dateDebut": "2012-10-12", "datePublication": null, "dateFin": "2017-06-20", "preseance": "20", "nominPrincipale": "1", "infosQualite": {"codeQualite": "Membre", "libQualite": "Membre", "libQualiteSex": "Membre"}, "organes": {"organeRef": "PO675806"}}, {"@xmlns:xsi": "http://www.w3.org/2001/XMLSchema-instance", "@xsi:type": "MandatSimple_Type", "uid": "PM679813", "acteurRef": "PA336971", "legislature": "14", "typeOrgane": "GA", "dateDebut": "2012-10-12", "datePublication": null, "dateFin": "2017-06-20", "preseance": "20", "nominPrincipale": "1", "infosQualite": {"codeQualite": "Membre", "libQualite": "Membre", "libQualiteSex": "Membre"}, "organes": {"organeRef": "PO675722"}}, {"@xmlns:xsi": "http://www.w3.org/2001/XMLSchema-instance", "@xsi:type": "MandatSimple_Type", "uid": "PM686333", "acteurRef": "PA336971", "legislature": "14", "typeOrgane": "GA", "dateDebut": "2012-12-12", "datePublication": null, "dateFin": "2017-06-20", "preseance": "20", "nominPrincipale": "1", "infosQualite": {"codeQualite": "Membre", "libQualite": "Membre", "libQualiteSex": "Membre"}, "organes": {"organeRef": "PO675848"}}, {"@xmlns:xsi": "http://www.w3.org/2001/XMLSchema-instance", "@xsi:type": "MandatSimple_Type", "uid": "PM398121", "acteurRef": "PA336971", "legislature": "13", "typeOrgane": "GA", "dateDebut": "2007-10-11", "datePublication": null, "dateFin": "2012-06-19", "preseance": "20", "nominPrincipale": "1", "infosQualite": {"codeQualite": "Membre", "libQualite": "Membre", "libQualiteSex": "Membre"}, "organes": {"organeRef": "PO392669"}}, {"@xmlns:xsi": "http://www.w3.org/2001/XMLSchema-instance", "@xsi:type": "MandatSimple_Type", "uid": "PM679815", "acteurRef": "PA336971", "legislature": "14", "typeOrgane": "GA", "dateDebut": "2012-10-12", "datePublication": null, "dateFin": "2017-06-20", "preseance": "20", "nominPrincipale": "1", "infosQualite": {"codeQualite": "Membre", "libQualite": "Membre", "libQualiteSex": "Membre"}, "organes": {"organeRef": "PO675841"}}, {"@xmlns:xsi": "http://www.w3.org/2001/XMLSchema-instance", "@xsi:type": "MandatSimple_Type", "uid": "PM398123", "acteurRef": "PA336971", "legislature": "13", "typeOrgane": "GA", "dateDebut": "2007-10-11", "datePublication": null, "dateFin": "2012-06-19", "preseance": "20", "nominPrincipale": "1", "infosQualite": {"codeQualite": "Membre", "libQualite": "Membre", "libQualiteSex": "Membre"}, "organes": {"organeRef": "PO392940"}}, {"@xmlns:xsi": "http://www.w3.org/2001/XMLSchema-instance", "@xsi:type": "MandatSimple_Type", "uid": "PM679817", "acteurRef": "PA336971", "legislature": "14", "typeOrgane": "GA", "dateDebut": "2012-10-12", "datePublication": null, "dateFin": "2017-06-20", "preseance": "20", "nominPrincipale": "1", "infosQualite": {"codeQualite": "Membre", "libQualite": "Membre", "libQualiteSex": "Membre"}, "organes": {"organeRef": "PO675836"}}, {"@xmlns:xsi": "http://www.w3.org/2001/XMLSchema-instance", "@xsi:type": "MandatSimple_Type", "uid": "PM395317", "acteurRef": "PA336971", "legislature": "13", "typeOrgane": "GA", "dateDebut": "2007-09-07", "datePublication": null, "dateFin": "2012-06-19", "preseance": "1", "nominPrincipale": "1", "infosQualite": {"codeQualite": "Pr\u00e9sident", "libQualite": "Pr\u00e9sident", "libQualiteSex": "Pr\u00e9sident"}, "organes": {"organeRef": "PO392855"}}, {"@xmlns:xsi": "http://www.w3.org/2001/XMLSchema-instance", "@xsi:type": "MandatSimple_Type", "uid": "PM712263", "acteurRef": "PA336971", "legislature": "14", "typeOrgane": "GA", "dateDebut": "2016-04-05", "datePublication": null, "dateFin": "2017-06-20", "preseance": "20", "nominPrincipale": "1", "infosQualite": {"codeQualite": "Membre", "libQualite": "Membre", "libQualiteSex": "Membre"}, "organes": {"organeRef": "PO675762"}}, {"@xmlns:xsi": "http://www.w3.org/2001/XMLSchema-instance", "@xsi:type": "MandatSimple_Type", "uid": "PM398125", "acteurRef": "PA336971", "legislature": "13", "typeOrgane": "GA", "dateDebut": "2007-10-11", "datePublication": null, "dateFin": "2012-06-19", "preseance": "20", "nominPrincipale": "1", "infosQualite": {"codeQualite": "Membre", "libQualite": "Membre", "libQualiteSex": "Membre"}, "organes": {"organeRef": "PO393182"}}, {"@xmlns:xsi": "http://www.w3.org/2001/XMLSchema-instance", "@xsi:type": "MandatSimple_Type", "uid": "PM685047", "acteurRef": "PA336971", "legislature": "14", "typeOrgane": "GA", "dateDebut": "2012-11-20", "datePublication": null, "dateFin": "2017-06-20", "preseance": "14", "nominPrincipale": "1", "infosQualite": {"codeQualite": "Secr\u00e9taire", "libQualite": "Secr\u00e9taire", "libQualiteSex": "Secr\u00e9taire"}, "organes": {"organeRef": "PO675795"}}, {"@xmlns:xsi": "http://www.w3.org/2001/XMLSchema-instance", "@xsi:type": "MandatSimple_Type", "uid": "PM678643", "acteurRef": "PA336971", "legislature": "14", "typeOrgane": "GA", "dateDebut": "2012-09-26", "datePublication": null, "dateFin": "2017-06-20", "preseance": "1", "nominPrincipale": "1", "infosQualite": {"codeQualite": "Pr\u00e9sident", "libQualite": "Pr\u00e9sident", "libQualiteSex": "Pr\u00e9sident"}, "organes": {"organeRef": "PO675843"}}, {"@xmlns:xsi": "http://www.w3.org/2001/XMLSchema-instance", "@xsi:type": "MandatSimple_Type", "uid": "PM683740", "acteurRef": "PA336971", "legislature": "14", "typeOrgane": "GA", "dateDebut": "2012-10-31", "datePublication": null, "dateFin": "2017-06-20", "preseance": "14", "nominPrincipale": "1", "infosQualite": {"codeQualite": "Secr\u00e9taire", "libQualite": "Secr\u00e9taire", "libQualiteSex": "Secr\u00e9taire"}, "organes": {"organeRef": "PO675722"}}, {"@xmlns:xsi": "http://www.w3.org/2001/XMLSchema-instance", "@xsi:type": "MandatSimple_Type", "uid": "PM679812", "acteurRef": "PA336971", "legislature": "14", "typeOrgane": "GA", "dateDebut": "2012-10-12", "datePublication": null, "dateFin": "2017-06-20", "preseance": "20", "nominPrincipale": "1", "infosQualite": {"codeQualite": "Membre", "libQualite": "Membre", "libQualiteSex": "Membre"}, "organes": {"organeRef": "PO675795"}}, {"@xmlns:xsi": "http://www.w3.org/2001/XMLSchema-instance", "@xsi:type": "MandatSimple_Type", "uid": "PM686675", "acteurRef": "PA336971", "legislature": "14", "typeOrgane": "CMP", "dateDebut": "2012-12-12", "datePublication": "2012-12-13", "dateFin": "2012-12-19", "preseance": "28", "nominPrincipale": "1", "infosQualite": {"codeQualite": "Suppl\u00e9ant", "libQualite": "Membre suppl\u00e9ant", "libQualiteSex": "Membre suppl\u00e9ant"}, "organes": {"organeRef": "PO686534"}}, {"@xmlns:xsi": "http://www.w3.org/2001/XMLSchema-instance", "@xsi:type": "MandatSimple_Type", "uid": "PM412499", "acteurRef": "PA336971", "legislature": "13", "typeOrgane": "GE", "dateDebut": "2008-04-14", "datePublication": null, "dateFin": "2012-06-19", "preseance": "8", "nominPrincipale": "1", "infosQualite": {"codeQualite": "Vice-Pr\u00e9sident", "libQualite": "Vice-Pr\u00e9sident", "libQualiteSex": "Vice-Pr\u00e9sident"}, "organes": {"organeRef": "PO402895"}}, {"@xmlns:xsi": "http://www.w3.org/2001/XMLSchema-instance", "@xsi:type": "MandatSimple_Type", "uid": "PM692253", "acteurRef": "PA336971", "legislature": "14", "typeOrgane": "GE", "dateDebut": "2013-02-26", "datePublication": null, "dateFin": "2017-06-20", "preseance": "8", "nominPrincipale": "1", "infosQualite": {"codeQualite": "Vice-Pr\u00e9sident", "libQualite": "Vice-Pr\u00e9sident", "libQualiteSex": "Vice-Pr\u00e9sident"}, "organes": {"organeRef": "PO686196"}}, {"@xmlns:xsi": "http://www.w3.org/2001/XMLSchema-instance", "@xsi:type": "MandatParlementaire_type", "uid": "PM645102", "acteurRef": "PA336971", "legislature": "14", "typeOrgane": "ASSEMBLEE", "dateDebut": "2012-06-20", "datePublication": null, "dateFin": "2017-06-20", "preseance": "50", "nominPrincipale": "1", "infosQualite": {"codeQualite": "membre", "libQualite": "membre", "libQualiteSex": "membre"}, "organes": {"organeRef": "PO644420"}, "suppleants": {"suppleant": {"dateDebut": "2012-06-20", "dateFin": "2017-06-20", "suppleantRef": "PA643059"}}, "chambre": null, "election": {"lieu": {"region": "Ile-de-France", "regionType": "M\u00e9tropolitain", "departement": "Seine-Saint-Denis", "numDepartement": "93", "numCirco": "10"}, "causeMandat": "\u00e9lections g\u00e9n\u00e9rales", "refCirconscription": "PO644951"}, "mandature": {"datePriseFonction": "2012-06-20", "causeFin": "Fin de l\u00e9gislature", "premiereElection": "1", "placeHemicycle": null, "mandatRemplaceRef": null}, "collaborateurs": null}, {"@xmlns:xsi": "http://www.w3.org/2001/XMLSchema-instance", "@xsi:type": "MandatParlementaire_type", "uid": "PM386251", "acteurRef": "PA336971", "legislature": "13", "typeOrgane": "ASSEMBLEE", "dateDebut": "2007-06-20", "datePublication": null, "dateFin": "2012-06-19", "preseance": "50", "nominPrincipale": "1", "infosQualite": {"codeQualite": "membre", "libQualite": "membre", "libQualiteSex": "membre"}, "organes": {"organeRef": "PO384266"}, "suppleants": {"suppleant": {"dateDebut": "2007-06-20", "dateFin": "2012-06-19", "suppleantRef": "PA346966"}}, "chambre": null, "election": {"lieu": {"region": "Ile-de-France", "regionType": "M\u00e9tropolitain", "departement": "Seine-Saint-Denis", "numDepartement": "93", "numCirco": "3"}, "causeMandat": "\u00e9lections g\u00e9n\u00e9rales", "refCirconscription": "PO384790"}, "mandature": {"datePriseFonction": "2007-06-20", "causeFin": "Fin de l\u00e9gislature", "premiereElection": "0", "placeHemicycle": null, "mandatRemplaceRef": null}, "collaborateurs": null}]}}}