{"acteur": {"@xmlns": "http://schemas.assemblee-nationale.fr/referentiel", "uid": {"@xmlns:xsi": "http://www.w3.org/2001/XMLSchema-instance", "@xsi:type": "IdActeur_type", "#text": "PA337084"}, "etatCivil": {"ident": {"civ": "M.", "prenom": "G\u00e9rard", "nom": "Gaudron", "alpha": "Gaudron", "trigramme": {"@xmlns:xsi": "http://www.w3.org/2001/XMLSchema-instance", "@xsi:nil": "true"}}, "infoNaissance": {"dateNais": "1949-05-26", "villeNais": "Evans", "depNais": "Jura", "paysNais": "France"}, "dateDeces": {"@xmlns:xsi": "http://www.w3.org/2001/XMLSchema-instance", "@xsi:nil": "true"}}, "profession": {"libelleCourant": "G\u00e9ologue", "socProcINSEE": {"catSocPro": "Cadres d'entreprise", "famSocPro": "Cadres et professions intellectuelles sup\u00e9rieures"}}, "uri_hatvp": {"@xmlns:xsi": "http://www.w3.org/2001/XMLSchema-instance", "@xsi:nil": "true"}, "adresses": {"adresse": [{"@xmlns:xsi": "http://www.w3.org/2001/XMLSchema-instance", "@xsi:type": "AdressePostale_Type", "uid": "AD387108", "type": "0", "typeLibelle": "Adresse officielle", "poids": "1", "adresseDeRattachement": null, "intitule": "Assembl\u00e9e nationale,", "numeroRue": "126", "nomRue": "Rue de l'Universit\u00e9,", "complementAdresse": null, "codePostal": "75355", "ville": "Paris 07 SP"}, {"@xmlns:xsi": "http://www.w3.org/2001/XMLSchema-instance", "@xsi:type": "AdresseMail_Type", "uid": "AD392079", "type": "15", "typeLibelle": "M\u00e8l", "poids": null, "adresseDeRattachement": null, "valElec": "ggaudron@assemblee-nationale.fr"}, {"@xmlns:xsi": "http://www.w3.org/2001/XMLSchema-instance", "@xsi:type": "AdresseTelephonique_Type", "uid": "AD414183", "type": "11", "typeLibelle": "T\u00e9l\u00e9phone", "poids": "1", "adresseDeRattachement": "AD387108", "valElec": "01 40 63 69 91"}, {"@xmlns:xsi": "http://www.w3.org/2001/XMLSchema-instance", "@xsi:type": "AdresseTelephonique_Type", "uid": "AD414184", "type": "12", "typeLibelle": "T\u00e9l\u00e9copie", "poids": "1", "adresseDeRattachement": "AD387108", "valElec": "01 40 63 49 37"}]}, "mandats": {"mandat": [{"@xmlns:xsi": "http://www.w3.org/2001/XMLSchema-instance", "@xsi:type": "MandatMission_Type", "uid": "PM427675", "acteurRef": "PA337084", "legislature": "13", "typeOrgane": "MISINFOCOM", "dateDebut": "2011-03-09", "datePublication": "2011-03-11", "dateFin": "2012-03-07", "preseance": "20", "nominPrincipale": "1", "infosQualite": {"codeQualite": "Membre", "libQualite": "Membre", "libQualiteSex": "Membre"}, "organes": {"organeRef": "PO427123"}, "libelle": null, "missionSuivanteRef": null, "missionPrecedenteRef": null}, {"@xmlns:xsi": "http://www.w3.org/2001/XMLSchema-instance", "@xsi:type": "MandatSimple_Type", "uid": "PM397930", "acteurRef": "PA337084", "legislature": "13", "typeOrgane": "GEVI", "dateDebut": "2007-10-10", "datePublication": null, "dateFin": "2012-06-19", "preseance": "20", "nominPrincipale": "1", "infosQualite": {"codeQualite": "Membre", "libQualite": "Membre", "libQualiteSex": "Membre"}, "organes": {"organeRef": "PO393141"}}, {"@xmlns:xsi": "http://www.w3.org/2001/XMLSchema-instance", "@xsi:type": "MandatSimple_Type", "uid": "PM446240", "acteurRef": "PA337084", "legislature": "13", "typeOrgane": "CNPE", "dateDebut": "2011-12-13", "datePublication": "2011-12-14", "dateFin": "2012-03-07", "preseance": "20", "nominPrincipale": "1", "infosQualite": {"codeQualite": "Membre", "libQualite": "Membre", "libQualiteSex": "Membre"}, "organes": {"organeRef": "PO446215"}}, {"@xmlns:xsi": "http://www.w3.org/2001/XMLSchema-instance", "@xsi:type": "MandatSimple_Type", "uid": "PM447452", "acteurRef": "PA337084", "legislature": "13", "typeOrgane": "CNPE", "dateDebut": "2011-12-14", "datePublication": "2011-12-15", "dateFin": "2012-03-07", "preseance": "14", "nominPrincipale": "1", "infosQualite": {"codeQualite": "Secr\u00e9taire", "libQualite": "Secr\u00e9taire", "libQualiteSex": "Secr\u00e9taire"}, "organes": {"organeRef": "PO446215"}}, {"@xmlns:xsi": "http://www.w3.org/2001/XMLSchema-instance", "@xsi:type": "MandatSimple_Type", "uid": "PM389812", "acteurRef": "PA337084", "legislature": "13", "typeOrgane": "GP", "dateDebut": "2007-06-27", "datePublication": "2007-06-27", "dateFin": "2012-06-19", "preseance": "20", "nominPrincipale": "1", "infosQualite": {"codeQualite": "Membre", "libQualite": "Membre du", "libQualiteSex": "Membre du"}, "organes": {"organeRef": "PO389395"}}, {"@xmlns:xsi": "http://www.w3.org/2001/XMLSchema-instance", "@xsi:type": "MandatSimple_Type", "uid": "PM390489", "acteurRef": "PA337084", "legislature": "13", "typeOrgane": "COMPER", "dateDebut": "2007-06-27", "datePublication": "2007-06-28", "dateFin": "2009-06-30", "preseance": "32", "nominPrincipale": "1", "infosQualite": {"codeQualite": "Membre", "libQualite": "Membre", "libQualiteSex": "Membre"}, "organes": {"organeRef": "PO59045"}}, {"@xmlns:xsi": "http://www.w3.org/2001/XMLSchema-instance", "@xsi:type": "MandatSimple_Type", "uid": "PM524787", "acteurRef": "PA337084", "legislature": "13", "typeOrgane": "COMPER", "dateDebut": "2012-03-06", "datePublication": "2012-03-06", "dateFin": "2012-03-06", "preseance": "32", "nominPrincipale": "1", "infosQualite": {"codeQualite": "Membre", "libQualite": "Membre", "libQualiteSex": "Membre"}, "organes": {"organeRef": "PO419610"}}, {"@xmlns:xsi": "http://www.w3.org/2001/XMLSchema-instance", "@xsi:type": "MandatSimple_Type", "uid": "PM420411", "acteurRef": "PA337084", "legislature": "13", "typeOrgane": "COMPER", "dateDebut": "2009-07-01", "datePublication": "2009-07-01", "dateFin": "2012-03-05", "preseance": "32", "nominPrincipale": "1", "infosQualite": {"codeQualite": "Membre", "libQualite": "Membre", "libQualiteSex": "Membre"}, "organes": {"organeRef": "PO419604"}}, {"@xmlns:xsi": "http://www.w3.org/2001/XMLSchema-instance", "@xsi:type": "MandatSimple_Type", "uid": "PM525933", "acteurRef": "PA337084", "legislature": "13", "typeOrgane": "COMPER", "dateDebut": "2012-03-07", "datePublication": "2012-03-07", "dateFin": "2012-06-19", "preseance": "32", "nominPrincipale": "1", "infosQualite": {"codeQualite": "Membre", "libQualite": "Membre", "libQualiteSex": "Membre"}, "organes": {"organeRef": "PO419604"}}, {"@xmlns:xsi": "http://www.w3.org/2001/XMLSchema-instance", "@xsi:type": "MandatSimple_Type", "uid": "PM521413", "acteurRef": "PA337084", "legislature": "13", "typeOrgane": "CMP", "dateDebut": "2012-03-01", "datePublication": "2012-03-02", "dateFin": "2012-03-06", "preseance": "20", "nominPrincipale": "1", "infosQualite": {"codeQualite": "Titulaire", "libQualite": "Membre titulaire", "libQualiteSex": "Membre titulaire"}, "organes": {"organeRef": "PO521392"}}, {"@xmlns:xsi": "http://www.w3.org/2001/XMLSchema-instance", "@xsi:type": "MandatSimple_Type", "uid": "PM394589", "acteurRef": "PA337084", "legislature": "13", "typeOrgane": "ORGEXTPARL", "dateDebut": "2007-08-01", "datePublication": "2007-08-02", "dateFin": "2011-12-21", "preseance": "20", "nominPrincipale": "1", "infosQualite": {"codeQualite": "Titulaire", "libQualite": "Membre titulaire", "libQualiteSex": "Membre titulaire"}, "organes": {"organeRef": "PO60288"}}, {"@xmlns:xsi": "http://www.w3.org/2001/XMLSchema-instance", "@xsi:type": "MandatSimple_Type", "uid": "PM427420", "acteurRef": "PA337084", "legislature": "13", "typeOrgane": "GE", "dateDebut": "2011-02-16", "datePublication": null, "dateFin": "2012-06-19", "preseance": "12", "nominPrincipale": "1", "infosQualite": {"codeQualite": "Secr\u00e9taire", "libQualite": "Secr\u00e9taire", "libQualiteSex": "Secr\u00e9taire"}, "organes": {"organeRef": "PO425013"}}, {"@xmlns:xsi": "http://www.w3.org/2001/XMLSchema-instance", "@xsi:type": "MandatSimple_Type", "uid": "PM406902", "acteurRef": "PA337084", "legislature": "13", "typeOrgane": "GE", "dateDebut": "2008-01-16", "datePublication": null, "dateFin": "2012-06-19", "preseance": "20", "nominPrincipale": "1", "infosQualite": {"codeQualite": "Membre", "libQualite": "Membre", "libQualiteSex": "Membre"}, "organes": {"organeRef": "PO402895"}}, {"@xmlns:xsi": "http://www.w3.org/2001/XMLSchema-instance", "@xsi:type": "MandatSimple_Type", "uid": "PM413135", "acteurRef": "PA337084", "legislature": "13", "typeOrgane": "GE", "dateDebut": "2008-02-05", "datePublication": null, "dateFin": "2012-06-19", "preseance": "20", "nominPrincipale": "1", "infosQualite": {"codeQualite": "Membre", "libQualite": "Membre", "libQualiteSex": "Membre"}, "organes": {"organeRef": "PO403190"}}, {"@xmlns:xsi": "http://www.w3.org/2001/XMLSchema-instance", "@xsi:type": "MandatSimple_Type", "uid": "PM426938", "acteurRef": "PA337084", "legislature": "13", "typeOrgane": "GE", "dateDebut": "2011-02-04", "datePublication": null, "dateFin": "2012-06-19", "preseance": "20", "nominPrincipale": "1", "infosQualite": {"codeQualite": "Membre", "libQualite": "Membre", "libQualiteSex": "Membre"}, "organes": {"organeRef": "PO425013"}}, {"@xmlns:xsi": "http://www.w3.org/2001/XMLSchema-instance", "@xsi:type": "MandatSimple_Type", "uid": "PM412295", "acteurRef": "PA337084", "legislature": "13", "typeOrgane": "GE", "dateDebut": "2008-03-26", "datePublication": null, "dateFin": "2012-06-19", "preseance": "20", "nominPrincipale": "1", "infosQualite": {"codeQualite": "Membre", "libQualite": "Membre", "libQualiteSex": "Membre"}, "organes": {"organeRef": "PO402795"}}, {"@xmlns:xsi": "http://www.w3.org/2001/XMLSchema-instance", "@xsi:type": "MandatSimple_Type", "uid": "PM414188", "acteurRef": "PA337084", "legislature": "13", "typeOrgane": "GE", "dateDebut": "2008-05-26", "datePublication": null, "dateFin": "2012-06-19", "preseance": "20", "nominPrincipale": "1", "infosQualite": {"codeQualite": "Membre", "libQualite": "Membre", "libQualiteSex": "Membre"}, "organes": {"organeRef": "PO402746"}}, {"@xmlns:xsi": "http://www.w3.org/2001/XMLSchema-instance", "@xsi:type": "MandatSimple_Type", "uid": "PM428423", "acteurRef": "PA337084", "legislature": "13", "typeOrgane": "GE", "dateDebut": "2010-12-16", "datePublication": null, "dateFin": "2012-06-19", "preseance": "20", "nominPrincipale": "1", "infosQualite": {"codeQualite": "Membre", "libQualite": "Membre", "libQualiteSex": "Membre"}, "organes": {"organeRef": "PO422912"}}, {"@xmlns:xsi": "http://www.w3.org/2001/XMLSchema-instance", "@xsi:type": "MandatSimple_Type", "uid": "PM397918", "acteurRef": "PA337084", "legislature": "13", "typeOrgane": "GA", "dateDebut": "2007-10-10", "datePublication": null, "dateFin": "2012-06-19", "preseance": "20", "nominPrincipale": "1", "infosQualite": {"codeQualite": "Membre", "libQualite": "Membre", "libQualiteSex": "Membre"}, "organes": {"organeRef": "PO392669"}}, {"@xmlns:xsi": "http://www.w3.org/2001/XMLSchema-instance", "@xsi:type": "MandatSimple_Type", "uid": "PM397922", "acteurRef": "PA337084", "legislature": "13", "typeOrgane": "GA", "dateDebut": "2007-10-10", "datePublication": null, "dateFin": "2012-06-19", "preseance": "20", "nominPrincipale": "1", "infosQualite": {"codeQualite": "Membre", "libQualite": "Membre", "libQualiteSex": "Membre"}, "organes": {"organeRef": "PO393070"}}, {"@xmlns:xsi": "http://www.w3.org/2001/XMLSchema-instance", "@xsi:type": "MandatSimple_Type", "uid": "PM397924", "acteurRef": "PA337084", "legislature": "13", "typeOrgane": "GA", "dateDebut": "2007-10-10", "datePublication": null, "dateFin": "2012-06-19", "preseance": "20", "nominPrincipale": "1", "infosQualite": {"codeQualite": "Membre", "libQualite": "Membre", "libQualiteSex": "Membre"}, "organes": {"organeRef": "PO393192"}}, {"@xmlns:xsi": "http://www.w3.org/2001/XMLSchema-instance", "@xsi:type": "MandatSimple_Type", "uid": "PM397926", "acteurRef": "PA337084", "legislature": "13", "typeOrgane": "GA", "dateDebut": "2007-10-10", "datePublication": null, "dateFin": "2012-06-19", "preseance": "20", "nominPrincipale": "1", "infosQualite": {"codeQualite": "Membre", "libQualite": "Membre", "libQualiteSex": "Membre"}, "organes": {"organeRef": "PO393338"}}, {"@xmlns:xsi": "http://www.w3.org/2001/XMLSchema-instance", "@xsi:type": "MandatSimple_Type", "uid": "PM397928", "acteurRef": "PA337084", "legislature": "13", "typeOrgane": "GA", "dateDebut": "2007-10-10", "datePublication": null, "dateFin": "2012-06-19", "preseance": "20", "nominPrincipale": "1", "infosQualite": {"codeQualite": "Membre", "libQualite": "Membre", "libQualiteSex": "Membre"}, "organes": {"organeRef": "PO393363"}}, {"@xmlns:xsi": "http://www.w3.org/2001/XMLSchema-instance", "@xsi:type": "MandatSimple_Type", "uid": "PM397917", "acteurRef": "PA337084", "legislature": "13", "typeOrgane": "GA", "dateDebut": "2007-10-10", "datePublication": null, "dateFin": "2012-06-19", "preseance": "20", "nominPrincipale": "1", "infosQualite": {"codeQualite": "Membre", "libQualite": "Membre", "libQualiteSex": "Membre"}, "organes": {"organeRef": "PO392659"}}, {"@xmlns:xsi": "http://www.w3.org/2001/XMLSchema-instance", "@xsi:type": "MandatSimple_Type", "uid": "PM397921", "acteurRef": "PA337084", "legislature": "13", "typeOrgane": "GA", "dateDebut": "2007-10-10", "datePublication": null, "dateFin": "2012-06-19", "preseance": "20", "nominPrincipale": "1", "infosQualite": {"codeQualite": "Membre", "libQualite": "Membre", "libQualiteSex": "Membre"}, "organes": {"organeRef": "PO393035"}}, {"@xmlns:xsi": "http://www.w3.org/2001/XMLSchema-instance", "@xsi:type": "MandatSimple_Type", "uid": "PM397919", "acteurRef": "PA337084", "legislature": "13", "typeOrgane": "GA", "dateDebut": "2007-10-10", "datePublication": null, "dateFin": "2012-06-19", "preseance": "20", "nominPrincipale": "1", "infosQualite": {"codeQualite": "Membre", "libQualite": "Membre", "libQualiteSex": "Membre"}, "organes": {"organeRef": "PO392840"}}, {"@xmlns:xsi": "http://www.w3.org/2001/XMLSchema-instance", "@xsi:type": "MandatSimple_Type", "uid": "PM397923", "acteurRef": "PA337084", "legislature": "13", "typeOrgane": "GA", "dateDebut": "2007-10-10", "datePublication": null, "dateFin": "2012-06-19", "preseance": "20", "nominPrincipale": "1", "infosQualite": {"codeQualite": "Membre", "libQualite": "Membre", "libQualiteSex": "Membre"}, "organes": {"organeRef": "PO393130"}}, {"@xmlns:xsi": "http://www.w3.org/2001/XMLSchema-instance", "@xsi:type": "MandatSimple_Type", "uid": "PM397925", "acteurRef": "PA337084", "legislature": "13", "typeOrgane": "GA", "dateDebut": "2007-10-10", "datePublication": null, "dateFin": "2012-06-19", "preseance": "20", "nominPrincipale": "1", "infosQualite": {"codeQualite": "Membre", "libQualite": "Membre", "libQualiteSex": "Membre"}, "organes": {"organeRef": "PO393328"}}, {"@xmlns:xsi": "http://www.w3.org/2001/XMLSchema-instance", "@xsi:type": "MandatSimple_Type", "uid": "PM397927", "acteurRef": "PA337084", "legislature": "13", "typeOrgane": "GA", "dateDebut": "2007-10-10", "datePublication": null, "dateFin": "2012-06-19", "preseance": "20", "nominPrincipale": "1", "infosQualite": {"codeQualite": "Membre", "libQualite": "Membre", "libQualiteSex": "Membre"}, "organes": {"organeRef": "PO393348"}}, {"@xmlns:xsi": "http://www.w3.org/2001/XMLSchema-instance", "@xsi:type": "MandatSimple_Type", "uid": "PM397929", "acteurRef": "PA337084", "legislature": "13", "typeOrgane": "GA", "dateDebut": "2007-10-10", "datePublication": null, "dateFin": "2012-06-19", "preseance": "20", "nominPrincipale": "1", "infosQualite": {"codeQualite": "Membre", "libQualite": "Membre", "libQualiteSex": "Membre"}, "organes": {"organeRef": "PO393468"}}, {"@xmlns:xsi": "http://www.w3.org/2001/XMLSchema-instance", "@xsi:type": "MandatSimple_Type", "uid": "PM397920", "acteurRef": "PA337084", "legislature": "13", "typeOrgane": "GA", "dateDebut": "2007-10-10", "datePublication": null, "dateFin": "2012-06-19", "preseance": "20", "nominPrincipale": "1", "infosQualite": {"codeQualite": "Membre", "libQualite": "Membre", "libQualiteSex": "Membre"}, "organes": {"organeRef": "PO392995"}}, {"@xmlns:xsi": "http://www.w3.org/2001/XMLSchema-instance", "@xsi:type": "MandatSimple_Type", "uid": "PM387687", "acteurRef": "PA337084", "legislature": "13", "typeOrgane": "GP", "dateDebut": "2007-06-20", "datePublication": null, "dateFin": "2007-06-26", "preseance": "28", "nominPrincipale": "1", "infosQualite": {"codeQualite": "D\u00e9put\u00e9 non-inscrit", "libQualite": "D\u00e9put\u00e9 non-inscrit", "libQualiteSex": "D\u00e9put\u00e9 non-inscrit"}, "organes": {"organeRef": "PO387155"}}, {"@xmlns:xsi": "http://www.w3.org/2001/XMLSchema-instance", "@xsi:type": "MandatSimple_Type", "uid": "PM407683", "acteurRef": "PA337084", "legislature": "13", "typeOrgane": "CMP", "dateDebut": "2008-01-25", "datePublication": "2008-01-26", "dateFin": "2008-01-31", "preseance": "28", "nominPrincipale": "1", "infosQualite": {"codeQualite": "Suppl\u00e9ant", "libQualite": "Membre suppl\u00e9ant", "libQualiteSex": "Membre suppl\u00e9ant"}, "organes": {"organeRef": "PO407634"}}, {"@xmlns:xsi": "http://www.w3.org/2001/XMLSchema-instance", "@xsi:type": "MandatSimple_Type", "uid": "PM428055", "acteurRef": "PA337084", "legislature": "13", "typeOrgane": "CMP", "dateDebut": "2011-04-14", "datePublication": "2011-04-15", "dateFin": "2011-05-18", "preseance": "28", "nominPrincipale": "1", "infosQualite": {"codeQualite": "Suppl\u00e9ant", "libQualite": "Membre suppl\u00e9ant", "libQualiteSex": "Membre suppl\u00e9ant"}, "organes": {"organeRef": "PO428028"}}, {"@xmlns:xsi": "http://www.w3.org/2001/XMLSchema-instance", "@xsi:type": "MandatSimple_Type", "uid": "PM412498", "acteurRef": "PA337084", "legislature": "13", "typeOrgane": "GE", "dateDebut": "2008-04-14", "datePublication": null, "dateFin": "2012-06-19", "preseance": "8", "nominPrincipale": "1", "infosQualite": {"codeQualite": "Vice-Pr\u00e9sident", "libQualite": "Vice-Pr\u00e9sident", "libQualiteSex": "Vice-Pr\u00e9sident"}, "organes": {"organeRef": "PO402895"}}, {"@xmlns:xsi": "http://www.w3.org/2001/XMLSchema-instance", "@xsi:type": "MandatSimple_Type", "uid": "PM405207", "acteurRef": "PA337084", "legislature": "13", "typeOrgane": "GA", "dateDebut": "2007-12-11", "datePublication": null, "dateFin": "2012-06-19", "preseance": "8", "nominPrincipale": "1", "infosQualite": {"codeQualite": "Vice-Pr\u00e9sident", "libQualite": "Vice-Pr\u00e9sident", "libQualiteSex": "Vice-Pr\u00e9sident"}, "organes": {"organeRef": "PO392995"}}, {"@xmlns:xsi": "http://www.w3.org/2001/XMLSchema-instance", "@xsi:type": "MandatParlementaire_type", "uid": "PM386235", "acteurRef": "PA337084", "legislature": "13", "typeOrgane": "ASSEMBLEE", "dateDebut": "2007-06-20", "datePublication": null, "dateFin": "2012-06-19", "preseance": "50", "nominPrincipale": "1", "infosQualite": {"codeQualite": "membre", "libQualite": "membre", "libQualiteSex": "membre"}, "organes": {"organeRef": "PO384266"}, "suppleants": {"suppleant": {"dateDebut": "2007-06-20", "dateFin": "2012-06-19", "suppleantRef": "PA347078"}}, "chambre": null, "election": {"lieu": {"region": "Ile-de-France", "regionType": "M\u00e9tropolitain", "departement": "Seine-Saint-Denis", "numDepartement": "93", "numCirco": "10"}, "causeMandat": "\u00e9lections g\u00e9n\u00e9rales", "refCirconscription": "PO384797"}, "mandature": {"datePriseFonction": "2007-06-20", "causeFin": "Fin de l\u00e9gislature", "premiereElection": "0", "placeHemicycle": null, "mandatRemplaceRef": null}, "collaborateurs": null}]}}}