{"acteur": {"@xmlns": "http://schemas.assemblee-nationale.fr/referentiel", "uid": {"@xmlns:xsi": "http://www.w3.org/2001/XMLSchema-instance", "@xsi:type": "IdActeur_type", "#text": "PA606258"}, "etatCivil": {"ident": {"civ": "M.", "prenom": "Christophe", "nom": "Cavard", "alpha": "Cavard", "trigramme": {"@xmlns:xsi": "http://www.w3.org/2001/XMLSchema-instance", "@xsi:nil": "true"}}, "infoNaissance": {"dateNais": "1970-02-19", "villeNais": "Die", "depNais": "Dr\u00f4me", "paysNais": "France"}, "dateDeces": {"@xmlns:xsi": "http://www.w3.org/2001/XMLSchema-instance", "@xsi:nil": "true"}}, "profession": {"libelleCourant": "Educateur", "socProcINSEE": {"catSocPro": "Professions interm\u00e9diaires de l'enseignement, de la sant\u00e9, de la fonction publique et assimil\u00e9s", "famSocPro": "Professions Interm\u00e9diaires"}}, "uri_hatvp": {"@xmlns:xsi": "http://www.w3.org/2001/XMLSchema-instance", "@xsi:nil": "true"}, "adresses": {"adresse": [{"@xmlns:xsi": "http://www.w3.org/2001/XMLSchema-instance", "@xsi:type": "AdressePostale_Type", "uid": "AD650348", "type": "0", "typeLibelle": "Adresse officielle", "poids": "1", "adresseDeRattachement": null, "intitule": "Assembl\u00e9e nationale", "numeroRue": "126", "nomRue": "Rue de l'Universit\u00e9", "complementAdresse": null, "codePostal": "75355", "ville": "Paris 07 SP"}, {"@xmlns:xsi": "http://www.w3.org/2001/XMLSchema-instance", "@xsi:type": "AdresseMail_Type", "uid": "AD716093", "type": "15", "typeLibelle": "M\u00e8l", "poids": null, "adresseDeRattachement": null, "valElec": "ccavard@assemblee-nationale.fr"}]}, "mandats": {"mandat": [{"@xmlns:xsi": "http://www.w3.org/2001/XMLSchema-instance", "@xsi:type": "MandatMission_Type", "uid": "PM677401", "acteurRef": "PA606258", "legislature": "14", "typeOrgane": "MISINFOCOM", "dateDebut": "2012-07-25", "datePublication": "2012-07-27", "dateFin": "2013-04-17", "preseance": "20", "nominPrincipale": "1", "infosQualite": {"codeQualite": "Membre", "libQualite": "Membre", "libQualiteSex": "Membre"}, "organes": {"organeRef": "PO676552"}, "libelle": null, "missionSuivanteRef": null, "missionPrecedenteRef": null}, {"@xmlns:xsi": "http://www.w3.org/2001/XMLSchema-instance", "@xsi:type": "MandatSimple_Type", "uid": "PM710617", "acteurRef": "PA606258", "legislature": null, "typeOrgane": "PARPOL", "dateDebut": "2015-12-01", "datePublication": null, "dateFin": "2017-06-20", "preseance": "5", "nominPrincipale": "1", "infosQualite": {"codeQualite": "Membre", "libQualite": "Membre", "libQualiteSex": "Membre"}, "organes": {"organeRef": "PO684932"}}, {"@xmlns:xsi": "http://www.w3.org/2001/XMLSchema-instance", "@xsi:type": "MandatSimple_Type", "uid": "PM685834", "acteurRef": "PA606258", "legislature": null, "typeOrgane": "PARPOL", "dateDebut": "2012-12-01", "datePublication": null, "dateFin": "2015-11-30", "preseance": "5", "nominPrincipale": "1", "infosQualite": {"codeQualite": "Membre", "libQualite": "Membre", "libQualiteSex": "Membre"}, "organes": {"organeRef": "PO684936"}}, {"@xmlns:xsi": "http://www.w3.org/2001/XMLSchema-instance", "@xsi:type": "MandatSimple_Type", "uid": "PM682364", "acteurRef": "PA606258", "legislature": "14", "typeOrgane": "GEVI", "dateDebut": "2012-10-17", "datePublication": null, "dateFin": "2017-06-20", "preseance": "20", "nominPrincipale": "1", "infosQualite": {"codeQualite": "Membre", "libQualite": "Membre", "libQualiteSex": "Membre"}, "organes": {"organeRef": "PO675803"}}, {"@xmlns:xsi": "http://www.w3.org/2001/XMLSchema-instance", "@xsi:type": "MandatSimple_Type", "uid": "PM701948", "acteurRef": "PA606258", "legislature": "14", "typeOrgane": "CNPE", "dateDebut": "2014-06-23", "datePublication": "2014-06-24", "dateFin": "2015-01-06", "preseance": "20", "nominPrincipale": "1", "infosQualite": {"codeQualite": "Membre", "libQualite": "Membre", "libQualiteSex": "Membre"}, "organes": {"organeRef": "PO701903"}}, {"@xmlns:xsi": "http://www.w3.org/2001/XMLSchema-instance", "@xsi:type": "MandatSimple_Type", "uid": "PM705261", "acteurRef": "PA606258", "legislature": "14", "typeOrgane": "CNPE", "dateDebut": "2014-12-10", "datePublication": "2014-12-11", "dateFin": "2015-06-02", "preseance": "20", "nominPrincipale": "1", "infosQualite": {"codeQualite": "Membre", "libQualite": "Membre", "libQualiteSex": "Membre"}, "organes": {"organeRef": "PO705053"}}, {"@xmlns:xsi": "http://www.w3.org/2001/XMLSchema-instance", "@xsi:type": "MandatSimple_Type", "uid": "PM702102", "acteurRef": "PA606258", "legislature": "14", "typeOrgane": "CNPE", "dateDebut": "2014-07-01", "datePublication": "2014-07-02", "dateFin": "2015-01-06", "preseance": "14", "nominPrincipale": "1", "infosQualite": {"codeQualite": "Secr\u00e9taire", "libQualite": "Secr\u00e9taire", "libQualiteSex": "Secr\u00e9taire"}, "organes": {"organeRef": "PO701903"}}, {"@xmlns:xsi": "http://www.w3.org/2001/XMLSchema-instance", "@xsi:type": "MandatSimple_Type", "uid": "PM686553", "acteurRef": "PA606258", "legislature": "14", "typeOrgane": "CNPE", "dateDebut": "2012-12-12", "datePublication": "2012-12-13", "dateFin": "2013-05-24", "preseance": "20", "nominPrincipale": "1", "infosQualite": {"codeQualite": "Membre", "libQualite": "Membre", "libQualiteSex": "Membre"}, "organes": {"organeRef": "PO685596"}}, {"@xmlns:xsi": "http://www.w3.org/2001/XMLSchema-instance", "@xsi:type": "MandatSimple_Type", "uid": "PM711435", "acteurRef": "PA606258", "legislature": "14", "typeOrgane": "CNPE", "dateDebut": "2016-02-04", "datePublication": "2016-02-06", "dateFin": "2016-07-13", "preseance": "20", "nominPrincipale": "1", "infosQualite": {"codeQualite": "Membre", "libQualite": "Membre", "libQualiteSex": "Membre"}, "organes": {"organeRef": "PO711267"}}, {"@xmlns:xsi": "http://www.w3.org/2001/XMLSchema-instance", "@xsi:type": "MandatSimple_Type", "uid": "PM713013", "acteurRef": "PA606258", "legislature": "14", "typeOrgane": "GP", "dateDebut": "2016-05-20", "datePublication": "2016-05-20", "dateFin": "2016-05-24", "preseance": "20", "nominPrincipale": "1", "infosQualite": {"codeQualite": "Membre", "libQualite": "Membre du", "libQualiteSex": "Membre du"}, "organes": {"organeRef": "PO656002"}}, {"@xmlns:xsi": "http://www.w3.org/2001/XMLSchema-instance", "@xsi:type": "MandatSimple_Type", "uid": "PM713145", "acteurRef": "PA606258", "legislature": "14", "typeOrgane": "GP", "dateDebut": "2016-05-25", "datePublication": null, "dateFin": "2017-06-20", "preseance": "20", "nominPrincipale": "1", "infosQualite": {"codeQualite": "Membre", "libQualite": "Membre du", "libQualiteSex": "Membre du"}, "organes": {"organeRef": "PO713077"}}, {"@xmlns:xsi": "http://www.w3.org/2001/XMLSchema-instance", "@xsi:type": "MandatSimple_Type", "uid": "PM656567", "acteurRef": "PA606258", "legislature": "14", "typeOrgane": "GP", "dateDebut": "2012-06-26", "datePublication": "2012-06-27", "dateFin": "2016-05-19", "preseance": "20", "nominPrincipale": "1", "infosQualite": {"codeQualite": "Membre", "libQualite": "Membre du", "libQualiteSex": "Membre du"}, "organes": {"organeRef": "PO656014"}}, {"@xmlns:xsi": "http://www.w3.org/2001/XMLSchema-instance", "@xsi:type": "MandatSimple_Type", "uid": "PM684739", "acteurRef": "PA606258", "legislature": "14", "typeOrgane": "GEVI", "dateDebut": "2012-11-20", "datePublication": null, "dateFin": "2017-06-20", "preseance": "8", "nominPrincipale": "1", "infosQualite": {"codeQualite": "Vice-Pr\u00e9sident", "libQualite": "Vice-Pr\u00e9sident", "libQualiteSex": "Vice-Pr\u00e9sident"}, "organes": {"organeRef": "PO675803"}}, {"@xmlns:xsi": "http://www.w3.org/2001/XMLSchema-instance", "@xsi:type": "MandatSimple_Type", "uid": "PM698703", "acteurRef": "PA606258", "legislature": "14", "typeOrgane": "COMPER", "dateDebut": "2013-11-01", "datePublication": "2013-11-01", "dateFin": "2013-12-12", "preseance": "32", "nominPrincipale": "1", "infosQualite": {"codeQualite": "Membre", "libQualite": "Membre", "libQualiteSex": "Membre"}, "organes": {"organeRef": "PO59046"}}, {"@xmlns:xsi": "http://www.w3.org/2001/XMLSchema-instance", "@xsi:type": "MandatSimple_Type", "uid": "PM699801", "acteurRef": "PA606258", "legislature": "14", "typeOrgane": "COMPER", "dateDebut": "2014-02-04", "datePublication": "2014-02-04", "dateFin": "2014-05-15", "preseance": "32", "nominPrincipale": "1", "infosQualite": {"codeQualite": "Membre", "libQualite": "Membre", "libQualiteSex": "Membre"}, "organes": {"organeRef": "PO59051"}}, {"@xmlns:xsi": "http://www.w3.org/2001/XMLSchema-instance", "@xsi:type": "MandatSimple_Type", "uid": "PM697226", "acteurRef": "PA606258", "legislature": "14", "typeOrgane": "COMPER", "dateDebut": "2013-10-01", "datePublication": "2013-10-01", "dateFin": "2013-10-24", "preseance": "32", "nominPrincipale": "1", "infosQualite": {"codeQualite": "Membre", "libQualite": "Membre", "libQualiteSex": "Membre"}, "organes": {"organeRef": "PO59046"}}, {"@xmlns:xsi": "http://www.w3.org/2001/XMLSchema-instance", "@xsi:type": "MandatSimple_Type", "uid": "PM701860", "acteurRef": "PA606258", "legislature": "14", "typeOrgane": "COMPER", "dateDebut": "2014-06-17", "datePublication": "2014-06-17", "dateFin": "2014-06-30", "preseance": "32", "nominPrincipale": "1", "infosQualite": {"codeQualite": "Membre", "libQualite": "Membre", "libQualiteSex": "Membre"}, "organes": {"organeRef": "PO419610"}}, {"@xmlns:xsi": "http://www.w3.org/2001/XMLSchema-instance", "@xsi:type": "MandatSimple_Type", "uid": "PM656920", "acteurRef": "PA606258", "legislature": "14", "typeOrgane": "COMPER", "dateDebut": "2012-06-28", "datePublication": "2012-06-28", "dateFin": "2013-09-30", "preseance": "32", "nominPrincipale": "1", "infosQualite": {"codeQualite": "Membre", "libQualite": "Membre", "libQualiteSex": "Membre"}, "organes": {"organeRef": "PO420120"}}, {"@xmlns:xsi": "http://www.w3.org/2001/XMLSchema-instance", "@xsi:type": "MandatSimple_Type", "uid": "PM698194", "acteurRef": "PA606258", "legislature": "14", "typeOrgane": "COMPER", "dateDebut": "2013-11-01", "datePublication": "2013-11-01", "dateFin": "2013-11-25", "preseance": "32", "nominPrincipale": "1", "infosQualite": {"codeQualite": "Membre", "libQualite": "Membre", "libQualiteSex": "Membre"}, "organes": {"organeRef": "PO59046"}}, {"@xmlns:xsi": "http://www.w3.org/2001/XMLSchema-instance", "@xsi:type": "MandatSimple_Type", "uid": "PM699074", "acteurRef": "PA606258", "legislature": "14", "typeOrgane": "COMPER", "dateDebut": "2013-12-13", "datePublication": "2013-12-13", "dateFin": "2014-02-03", "preseance": "32", "nominPrincipale": "1", "infosQualite": {"codeQualite": "Membre", "libQualite": "Membre", "libQualiteSex": "Membre"}, "organes": {"organeRef": "PO420120"}}, {"@xmlns:xsi": "http://www.w3.org/2001/XMLSchema-instance", "@xsi:type": "MandatSimple_Type", "uid": "PM702074", "acteurRef": "PA606258", "legislature": "14", "typeOrgane": "COMPER", "dateDebut": "2014-07-01", "datePublication": "2014-07-01", "dateFin": "2017-06-20", "preseance": "32", "nominPrincipale": "1", "infosQualite": {"codeQualite": "Membre", "libQualite": "Membre", "libQualiteSex": "Membre"}, "organes": {"organeRef": "PO420120"}}, {"@xmlns:xsi": "http://www.w3.org/2001/XMLSchema-instance", "@xsi:type": "MandatSimple_Type", "uid": "PM701379", "acteurRef": "PA606258", "legislature": "14", "typeOrgane": "COMPER", "dateDebut": "2014-05-16", "datePublication": "2014-05-16", "dateFin": "2014-06-16", "preseance": "32", "nominPrincipale": "1", "infosQualite": {"codeQualite": "Membre", "libQualite": "Membre", "libQualiteSex": "Membre"}, "organes": {"organeRef": "PO420120"}}, {"@xmlns:xsi": "http://www.w3.org/2001/XMLSchema-instance", "@xsi:type": "MandatSimple_Type", "uid": "PM698098", "acteurRef": "PA606258", "legislature": "14", "typeOrgane": "COMPER", "dateDebut": "2013-10-25", "datePublication": "2013-10-25", "dateFin": "2013-10-31", "preseance": "32", "nominPrincipale": "1", "infosQualite": {"codeQualite": "Membre", "libQualite": "Membre", "libQualiteSex": "Membre"}, "organes": {"organeRef": "PO420120"}}, {"@xmlns:xsi": "http://www.w3.org/2001/XMLSchema-instance", "@xsi:type": "MandatSimple_Type", "uid": "PM689613", "acteurRef": "PA606258", "legislature": "14", "typeOrgane": "CNPE", "dateDebut": "2013-01-30", "datePublication": "2013-01-31", "dateFin": "2013-05-24", "preseance": "1", "nominPrincipale": "1", "infosQualite": {"codeQualite": "Pr\u00e9sident", "libQualite": "Pr\u00e9sident", "libQualiteSex": "Pr\u00e9sident"}, "organes": {"organeRef": "PO685596"}}, {"@xmlns:xsi": "http://www.w3.org/2001/XMLSchema-instance", "@xsi:type": "MandatSimple_Type", "uid": "PM711510", "acteurRef": "PA606258", "legislature": "14", "typeOrgane": "CNPE", "dateDebut": "2016-02-09", "datePublication": "2016-02-10", "dateFin": "2016-07-13", "preseance": "14", "nominPrincipale": "1", "infosQualite": {"codeQualite": "Secr\u00e9taire", "libQualite": "Secr\u00e9taire", "libQualiteSex": "Secr\u00e9taire"}, "organes": {"organeRef": "PO711267"}}, {"@xmlns:xsi": "http://www.w3.org/2001/XMLSchema-instance", "@xsi:type": "MandatSimple_Type", "uid": "PM698229", "acteurRef": "PA606258", "legislature": "14", "typeOrgane": "GE", "dateDebut": "2013-11-05", "datePublication": null, "dateFin": "2017-06-20", "preseance": "20", "nominPrincipale": "1", "infosQualite": {"codeQualite": "Membre", "libQualite": "Membre", "libQualiteSex": "Membre"}, "organes": {"organeRef": "PO686577"}}, {"@xmlns:xsi": "http://www.w3.org/2001/XMLSchema-instance", "@xsi:type": "MandatSimple_Type", "uid": "PM691202", "acteurRef": "PA606258", "legislature": "14", "typeOrgane": "GE", "dateDebut": "2013-02-05", "datePublication": null, "dateFin": "2017-06-20", "preseance": "20", "nominPrincipale": "1", "infosQualite": {"codeQualite": "Membre", "libQualite": "Membre", "libQualiteSex": "Membre"}, "organes": {"organeRef": "PO687381"}}, {"@xmlns:xsi": "http://www.w3.org/2001/XMLSchema-instance", "@xsi:type": "MandatSimple_Type", "uid": "PM705961", "acteurRef": "PA606258", "legislature": "14", "typeOrgane": "GE", "dateDebut": "2015-01-27", "datePublication": null, "dateFin": "2017-06-20", "preseance": "20", "nominPrincipale": "0", "infosQualite": {"codeQualite": "Membre", "libQualite": "Membre", "libQualiteSex": "Membre"}, "organes": {"organeRef": "PO705526"}}, {"@xmlns:xsi": "http://www.w3.org/2001/XMLSchema-instance", "@xsi:type": "MandatSimple_Type", "uid": "PM680109", "acteurRef": "PA606258", "legislature": "14", "typeOrgane": "GA", "dateDebut": "2012-10-12", "datePublication": null, "dateFin": "2017-06-20", "preseance": "20", "nominPrincipale": "1", "infosQualite": {"codeQualite": "Membre", "libQualite": "Membre", "libQualiteSex": "Membre"}, "organes": {"organeRef": "PO675847"}}, {"@xmlns:xsi": "http://www.w3.org/2001/XMLSchema-instance", "@xsi:type": "MandatSimple_Type", "uid": "PM680113", "acteurRef": "PA606258", "legislature": "14", "typeOrgane": "GA", "dateDebut": "2012-10-12", "datePublication": null, "dateFin": "2017-06-20", "preseance": "20", "nominPrincipale": "1", "infosQualite": {"codeQualite": "Membre", "libQualite": "Membre", "libQualiteSex": "Membre"}, "organes": {"organeRef": "PO675764"}}, {"@xmlns:xsi": "http://www.w3.org/2001/XMLSchema-instance", "@xsi:type": "MandatSimple_Type", "uid": "PM680110", "acteurRef": "PA606258", "legislature": "14", "typeOrgane": "GA", "dateDebut": "2012-10-12", "datePublication": null, "dateFin": "2017-06-20", "preseance": "20", "nominPrincipale": "1", "infosQualite": {"codeQualite": "Membre", "libQualite": "Membre", "libQualiteSex": "Membre"}, "organes": {"organeRef": "PO675730"}}, {"@xmlns:xsi": "http://www.w3.org/2001/XMLSchema-instance", "@xsi:type": "MandatSimple_Type", "uid": "PM680112", "acteurRef": "PA606258", "legislature": "14", "typeOrgane": "GA", "dateDebut": "2012-10-12", "datePublication": null, "dateFin": "2017-06-20", "preseance": "20", "nominPrincipale": "1", "infosQualite": {"codeQualite": "Membre", "libQualite": "Membre", "libQualiteSex": "Membre"}, "organes": {"organeRef": "PO675773"}}, {"@xmlns:xsi": "http://www.w3.org/2001/XMLSchema-instance", "@xsi:type": "MandatSimple_Type", "uid": "PM680111", "acteurRef": "PA606258", "legislature": "14", "typeOrgane": "GA", "dateDebut": "2012-10-12", "datePublication": null, "dateFin": "2017-06-20", "preseance": "20", "nominPrincipale": "1", "infosQualite": {"codeQualite": "Membre", "libQualite": "Membre", "libQualiteSex": "Membre"}, "organes": {"organeRef": "PO675839"}}, {"@xmlns:xsi": "http://www.w3.org/2001/XMLSchema-instance", "@xsi:type": "MandatSimple_Type", "uid": "PM701555", "acteurRef": "PA606258", "legislature": "14", "typeOrgane": "CMP", "dateDebut": "2014-05-20", "datePublication": "2014-05-28", "dateFin": "2014-06-26", "preseance": "28", "nominPrincipale": "1", "infosQualite": {"codeQualite": "Suppl\u00e9ant", "libQualite": "Membre suppl\u00e9ant", "libQualiteSex": "Membre suppl\u00e9ant"}, "organes": {"organeRef": "PO701167"}}, {"@xmlns:xsi": "http://www.w3.org/2001/XMLSchema-instance", "@xsi:type": "MandatSimple_Type", "uid": "PM694019", "acteurRef": "PA606258", "legislature": "14", "typeOrgane": "CMP", "dateDebut": "2013-04-22", "datePublication": "2013-04-23", "dateFin": "2013-05-14", "preseance": "28", "nominPrincipale": "1", "infosQualite": {"codeQualite": "Suppl\u00e9ant", "libQualite": "Membre suppl\u00e9ant", "libQualiteSex": "Membre suppl\u00e9ant"}, "organes": {"organeRef": "PO694005"}}, {"@xmlns:xsi": "http://www.w3.org/2001/XMLSchema-instance", "@xsi:type": "MandatSimple_Type", "uid": "PM700328", "acteurRef": "PA606258", "legislature": "14", "typeOrgane": "CMP", "dateDebut": "2014-02-20", "datePublication": "2014-02-21", "dateFin": "2014-02-27", "preseance": "28", "nominPrincipale": "1", "infosQualite": {"codeQualite": "Suppl\u00e9ant", "libQualite": "Membre suppl\u00e9ant", "libQualiteSex": "Membre suppl\u00e9ant"}, "organes": {"organeRef": "PO700314"}}, {"@xmlns:xsi": "http://www.w3.org/2001/XMLSchema-instance", "@xsi:type": "MandatSimple_Type", "uid": "PM678748", "acteurRef": "PA606258", "legislature": "14", "typeOrgane": "CMP", "dateDebut": "2012-09-27", "datePublication": "2012-06-28", "dateFin": "2012-10-15", "preseance": "28", "nominPrincipale": "1", "infosQualite": {"codeQualite": "Suppl\u00e9ant", "libQualite": "Membre suppl\u00e9ant", "libQualiteSex": "Membre suppl\u00e9ant"}, "organes": {"organeRef": "PO678407"}}, {"@xmlns:xsi": "http://www.w3.org/2001/XMLSchema-instance", "@xsi:type": "MandatSimple_Type", "uid": "PM690829", "acteurRef": "PA606258", "legislature": "14", "typeOrgane": "CMP", "dateDebut": "2013-02-07", "datePublication": "2013-02-08", "dateFin": "2013-03-03", "preseance": "28", "nominPrincipale": "1", "infosQualite": {"codeQualite": "Suppl\u00e9ant", "libQualite": "Membre suppl\u00e9ant", "libQualiteSex": "Membre suppl\u00e9ant"}, "organes": {"organeRef": "PO690795"}}, {"@xmlns:xsi": "http://www.w3.org/2001/XMLSchema-instance", "@xsi:type": "MandatSimple_Type", "uid": "PM706079", "acteurRef": "PA606258", "legislature": "14", "typeOrgane": "GE", "dateDebut": "2015-01-27", "datePublication": null, "dateFin": "2017-06-20", "preseance": "8", "nominPrincipale": "1", "infosQualite": {"codeQualite": "Vice-Pr\u00e9sident", "libQualite": "Vice-Pr\u00e9sident", "libQualiteSex": "Vice-Pr\u00e9sident"}, "organes": {"organeRef": "PO705526"}}, {"@xmlns:xsi": "http://www.w3.org/2001/XMLSchema-instance", "@xsi:type": "MandatSimple_Type", "uid": "PM687353", "acteurRef": "PA606258", "legislature": "14", "typeOrgane": "GA", "dateDebut": "2012-11-27", "datePublication": null, "dateFin": "2017-06-20", "preseance": "8", "nominPrincipale": "1", "infosQualite": {"codeQualite": "Vice-Pr\u00e9sident", "libQualite": "Vice-Pr\u00e9sident", "libQualiteSex": "Vice-Pr\u00e9sident"}, "organes": {"organeRef": "PO675730"}}, {"@xmlns:xsi": "http://www.w3.org/2001/XMLSchema-instance", "@xsi:type": "MandatSimple_Type", "uid": "PM684553", "acteurRef": "PA606258", "legislature": "14", "typeOrgane": "GA", "dateDebut": "2012-11-15", "datePublication": null, "dateFin": "2017-06-20", "preseance": "8", "nominPrincipale": "1", "infosQualite": {"codeQualite": "Vice-Pr\u00e9sident", "libQualite": "Vice-Pr\u00e9sident", "libQualiteSex": "Vice-Pr\u00e9sident"}, "organes": {"organeRef": "PO675764"}}, {"@xmlns:xsi": "http://www.w3.org/2001/XMLSchema-instance", "@xsi:type": "MandatParlementaire_type", "uid": "PM645347", "acteurRef": "PA606258", "legislature": "14", "typeOrgane": "ASSEMBLEE", "dateDebut": "2012-06-20", "datePublication": null, "dateFin": "2017-06-20", "preseance": "50", "nominPrincipale": "1", "infosQualite": {"codeQualite": "membre", "libQualite": "membre", "libQualiteSex": "membre"}, "organes": {"organeRef": "PO644420"}, "suppleants": {"suppleant": {"dateDebut": "2012-06-20", "dateFin": "2017-06-20", "suppleantRef": "PA642718"}}, "chambre": null, "election": {"lieu": {"region": "Occitanie", "regionType": "M\u00e9tropolitain", "departement": "Gard", "numDepartement": "30", "numCirco": "6"}, "causeMandat": "\u00e9lections g\u00e9n\u00e9rales", "refCirconscription": "PO644999"}, "mandature": {"datePriseFonction": "2012-06-20", "causeFin": "Fin de l\u00e9gislature", "premiereElection": "0", "placeHemicycle": null, "mandatRemplaceRef": null}, "collaborateurs": null}, {"@xmlns:xsi": "http://www.w3.org/2001/XMLSchema-instance", "@xsi:type": "MandatSimple_Type", "uid": "PM688568", "acteurRef": "PA606258", "legislature": "14", "typeOrgane": "GA", "dateDebut": "2012-12-11", "datePublication": null, "dateFin": "2017-06-20", "preseance": "8", "nominPrincipale": "1", "infosQualite": {"codeQualite": "Vice-Pr\u00e9sident", "libQualite": "Vice-Pr\u00e9sident", "libQualiteSex": "Vice-Pr\u00e9sident"}, "organes": {"organeRef": "PO675847"}}]}}}