{"acteur": {"@xmlns": "http://schemas.assemblee-nationale.fr/referentiel", "uid": {"@xmlns:xsi": "http://www.w3.org/2001/XMLSchema-instance", "@xsi:type": "IdActeur_type", "#text": "PA609016"}, "etatCivil": {"ident": {"civ": "M.", "prenom": "Denis", "nom": "Baupin", "alpha": "Baupin", "trigramme": {"@xmlns:xsi": "http://www.w3.org/2001/XMLSchema-instance", "@xsi:nil": "true"}}, "infoNaissance": {"dateNais": "1962-06-02", "villeNais": "Cherbourg", "depNais": "Manche", "paysNais": "France"}, "dateDeces": {"@xmlns:xsi": "http://www.w3.org/2001/XMLSchema-instance", "@xsi:nil": "true"}}, "profession": {"libelleCourant": "Ing\u00e9nieur", "socProcINSEE": {"catSocPro": "Cadres d'entreprise", "famSocPro": "Cadres et professions intellectuelles sup\u00e9rieures"}}, "uri_hatvp": {"@xmlns:xsi": "http://www.w3.org/2001/XMLSchema-instance", "@xsi:nil": "true"}, "adresses": {"adresse": [{"@xmlns:xsi": "http://www.w3.org/2001/XMLSchema-instance", "@xsi:type": "AdresseMail_Type", "uid": "AD648511", "type": "15", "typeLibelle": "M\u00e8l", "poids": null, "adresseDeRattachement": null, "valElec": "dbaupin@assemblee-nationale.fr"}, {"@xmlns:xsi": "http://www.w3.org/2001/XMLSchema-instance", "@xsi:type": "AdressePostale_Type", "uid": "AD650705", "type": "0", "typeLibelle": "Adresse officielle", "poids": "1", "adresseDeRattachement": null, "intitule": "Assembl\u00e9e nationale", "numeroRue": "126", "nomRue": "Rue de l'Universit\u00e9", "complementAdresse": null, "codePostal": "75355", "ville": "Paris 07 SP"}, {"@xmlns:xsi": "http://www.w3.org/2001/XMLSchema-instance", "@xsi:type": "AdresseMail_Type", "uid": "AD650706", "type": "15", "typeLibelle": "M\u00e8l", "poids": null, "adresseDeRattachement": null, "valElec": "denisbaupin7510@gmail.com"}]}, "mandats": {"mandat": [{"@xmlns:xsi": "http://www.w3.org/2001/XMLSchema-instance", "@xsi:type": "MandatSimple_Type", "uid": "PM676583", "acteurRef": "PA609016", "legislature": "14", "typeOrgane": "DELEGBUREAU", "dateDebut": "2012-07-18", "datePublication": null, "dateFin": "2016-05-09", "preseance": "24", "nominPrincipale": "1", "infosQualite": {"codeQualite": "Membre", "libQualite": "Membre", "libQualiteSex": "Membre"}, "organes": {"organeRef": "PO665154"}}, {"@xmlns:xsi": "http://www.w3.org/2001/XMLSchema-instance", "@xsi:type": "MandatSimple_Type", "uid": "PM676568", "acteurRef": "PA609016", "legislature": "14", "typeOrgane": "DELEGBUREAU", "dateDebut": "2012-07-18", "datePublication": null, "dateFin": "2016-05-09", "preseance": "24", "nominPrincipale": "1", "infosQualite": {"codeQualite": "Membre", "libQualite": "Membre", "libQualiteSex": "Membre"}, "organes": {"organeRef": "PO665158"}}, {"@xmlns:xsi": "http://www.w3.org/2001/XMLSchema-instance", "@xsi:type": "MandatSimple_Type", "uid": "PM676590", "acteurRef": "PA609016", "legislature": "14", "typeOrgane": "DELEGBUREAU", "dateDebut": "2012-07-18", "datePublication": null, "dateFin": "2016-05-09", "preseance": "24", "nominPrincipale": "0", "infosQualite": {"codeQualite": "Membre", "libQualite": "Membre", "libQualiteSex": "Membre"}, "organes": {"organeRef": "PO665150"}}, {"@xmlns:xsi": "http://www.w3.org/2001/XMLSchema-instance", "@xsi:type": "MandatParlementaire_type", "uid": "PM690212", "acteurRef": "PA609016", "legislature": "14", "typeOrgane": "CONFPT", "dateDebut": "2012-06-20", "datePublication": null, "dateFin": "2016-05-09", "preseance": "20", "nominPrincipale": "1", "infosQualite": {"codeQualite": "Membre", "libQualite": "Membre", "libQualiteSex": "Membre"}, "organes": {"organeRef": "PO690204"}, "suppleants": null, "chambre": null, "election": {"lieu": {"region": null, "regionType": null, "departement": null, "numDepartement": null, "numCirco": null}, "causeMandat": null}, "mandature": {"datePriseFonction": null, "causeFin": null, "premiereElection": "0", "placeHemicycle": null, "mandatRemplaceRef": null}, "collaborateurs": null}, {"@xmlns:xsi": "http://www.w3.org/2001/XMLSchema-instance", "@xsi:type": "MandatAvecSuppleant_Type", "uid": "PM670977", "acteurRef": "PA609016", "legislature": "14", "typeOrgane": "OFFPAR", "dateDebut": "2012-07-11", "datePublication": "2012-07-11", "dateFin": "2016-05-13", "preseance": "24", "nominPrincipale": "1", "infosQualite": {"codeQualite": "Membre", "libQualite": "Membre", "libQualiteSex": "Membre"}, "organes": {"organeRef": "PO273589"}, "suppleants": null}, {"@xmlns:xsi": "http://www.w3.org/2001/XMLSchema-instance", "@xsi:type": "MandatMission_Type", "uid": "PM709929", "acteurRef": "PA609016", "legislature": "14", "typeOrgane": "MISINFOCOM", "dateDebut": "2015-11-03", "datePublication": "2015-11-04", "dateFin": "2016-05-13", "preseance": "20", "nominPrincipale": "1", "infosQualite": {"codeQualite": "Membre", "libQualite": "Membre", "libQualiteSex": "Membre"}, "organes": {"organeRef": "PO709765"}, "libelle": null, "missionSuivanteRef": null, "missionPrecedenteRef": null}, {"@xmlns:xsi": "http://www.w3.org/2001/XMLSchema-instance", "@xsi:type": "MandatMission_Type", "uid": "PM709645", "acteurRef": "PA609016", "legislature": "14", "typeOrgane": "MISINFOPRE", "dateDebut": "2015-10-14", "datePublication": "2015-10-14", "dateFin": "2016-05-13", "preseance": "20", "nominPrincipale": "1", "infosQualite": {"codeQualite": "Membre", "libQualite": "Membre", "libQualiteSex": "Membre"}, "organes": {"organeRef": "PO709579"}, "libelle": null, "missionSuivanteRef": null, "missionPrecedenteRef": null}, {"@xmlns:xsi": "http://www.w3.org/2001/XMLSchema-instance", "@xsi:type": "MandatSimple_Type", "uid": "PM715681", "acteurRef": "PA609016", "legislature": null, "typeOrgane": "PARPOL", "dateDebut": "2016-12-01", "datePublication": null, "dateFin": "2017-06-20", "preseance": "5", "nominPrincipale": "1", "infosQualite": {"codeQualite": "Membre", "libQualite": "Membre", "libQualiteSex": "Membre"}, "organes": {"organeRef": "PO684932"}}, {"@xmlns:xsi": "http://www.w3.org/2001/XMLSchema-instance", "@xsi:type": "MandatSimple_Type", "uid": "PM685832", "acteurRef": "PA609016", "legislature": null, "typeOrgane": "PARPOL", "dateDebut": "2012-12-01", "datePublication": null, "dateFin": "2016-11-30", "preseance": "5", "nominPrincipale": "1", "infosQualite": {"codeQualite": "Membre", "libQualite": "Membre", "libQualiteSex": "Membre"}, "organes": {"organeRef": "PO684936"}}, {"@xmlns:xsi": "http://www.w3.org/2001/XMLSchema-instance", "@xsi:type": "MandatMission_Type", "uid": "PM710321", "acteurRef": "PA609016", "legislature": "14", "typeOrgane": "MISINFO", "dateDebut": "2015-11-10", "datePublication": null, "dateFin": "2016-04-26", "preseance": "10", "nominPrincipale": "1", "infosQualite": {"codeQualite": "Membre", "libQualite": "Membre", "libQualiteSex": "Membre"}, "organes": {"organeRef": "PO710316"}, "libelle": null, "missionSuivanteRef": null, "missionPrecedenteRef": null}, {"@xmlns:xsi": "http://www.w3.org/2001/XMLSchema-instance", "@xsi:type": "MandatSimple_Type", "uid": "PM703018", "acteurRef": "PA609016", "legislature": "14", "typeOrgane": "CNPS", "dateDebut": "2014-09-02", "datePublication": "2014-09-03", "dateFin": "2015-08-18", "preseance": "20", "nominPrincipale": "1", "infosQualite": {"codeQualite": "Membre", "libQualite": "Membre", "libQualiteSex": "Membre"}, "organes": {"organeRef": "PO702808"}}, {"@xmlns:xsi": "http://www.w3.org/2001/XMLSchema-instance", "@xsi:type": "MandatSimple_Type", "uid": "PM703137", "acteurRef": "PA609016", "legislature": "14", "typeOrgane": "CNPS", "dateDebut": "2014-09-09", "datePublication": "2014-09-10", "dateFin": "2015-08-18", "preseance": "16", "nominPrincipale": "1", "infosQualite": {"codeQualite": "Rapporteur", "libQualite": "Rapporteur", "libQualiteSex": "Rapporteur"}, "organes": {"organeRef": "PO702808"}}, {"@xmlns:xsi": "http://www.w3.org/2001/XMLSchema-instance", "@xsi:type": "MandatSimple_Type", "uid": "PM699248", "acteurRef": "PA609016", "legislature": "14", "typeOrgane": "CNPE", "dateDebut": "2013-12-19", "datePublication": "2013-12-20", "dateFin": "2014-10-30", "preseance": "16", "nominPrincipale": "1", "infosQualite": {"codeQualite": "Rapporteur", "libQualite": "Rapporteur", "libQualiteSex": "Rapporteur"}, "organes": {"organeRef": "PO699054"}}, {"@xmlns:xsi": "http://www.w3.org/2001/XMLSchema-instance", "@xsi:type": "MandatSimple_Type", "uid": "PM703281", "acteurRef": "PA609016", "legislature": "14", "typeOrgane": "CNPE", "dateDebut": "2014-09-26", "datePublication": "2014-09-26", "dateFin": "2015-03-05", "preseance": "20", "nominPrincipale": "1", "infosQualite": {"codeQualite": "Membre", "libQualite": "Membre", "libQualiteSex": "Membre"}, "organes": {"organeRef": "PO703144"}}, {"@xmlns:xsi": "http://www.w3.org/2001/XMLSchema-instance", "@xsi:type": "MandatSimple_Type", "uid": "PM699214", "acteurRef": "PA609016", "legislature": "14", "typeOrgane": "CNPE", "dateDebut": "2013-12-17", "datePublication": "2013-12-18", "dateFin": "2014-10-30", "preseance": "20", "nominPrincipale": "1", "infosQualite": {"codeQualite": "Membre", "libQualite": "Membre", "libQualiteSex": "Membre"}, "organes": {"organeRef": "PO699054"}}, {"@xmlns:xsi": "http://www.w3.org/2001/XMLSchema-instance", "@xsi:type": "MandatSimple_Type", "uid": "PM676599", "acteurRef": "PA609016", "legislature": "14", "typeOrgane": "DELEGBUREAU", "dateDebut": "2012-07-18", "datePublication": null, "dateFin": "2016-05-09", "preseance": "1", "nominPrincipale": "1", "infosQualite": {"codeQualite": "Pr\u00e9sident", "libQualite": "Pr\u00e9sident", "libQualiteSex": "Pr\u00e9sident"}, "organes": {"organeRef": "PO665150"}}, {"@xmlns:xsi": "http://www.w3.org/2001/XMLSchema-instance", "@xsi:type": "MandatSimple_Type", "uid": "PM656565", "acteurRef": "PA609016", "legislature": "14", "typeOrgane": "GP", "dateDebut": "2012-06-26", "datePublication": "2012-06-27", "dateFin": "2016-05-10", "preseance": "20", "nominPrincipale": "1", "infosQualite": {"codeQualite": "Membre", "libQualite": "Membre du", "libQualiteSex": "Membre du"}, "organes": {"organeRef": "PO656014"}}, {"@xmlns:xsi": "http://www.w3.org/2001/XMLSchema-instance", "@xsi:type": "MandatSimple_Type", "uid": "PM656929", "acteurRef": "PA609016", "legislature": "14", "typeOrgane": "COMPER", "dateDebut": "2012-06-28", "datePublication": "2012-06-28", "dateFin": "2013-11-25", "preseance": "32", "nominPrincipale": "1", "infosQualite": {"codeQualite": "Membre", "libQualite": "Membre", "libQualiteSex": "Membre"}, "organes": {"organeRef": "PO419865"}}, {"@xmlns:xsi": "http://www.w3.org/2001/XMLSchema-instance", "@xsi:type": "MandatSimple_Type", "uid": "PM712785", "acteurRef": "PA609016", "legislature": "14", "typeOrgane": "COMPER", "dateDebut": "2016-05-12", "datePublication": "2016-05-12", "dateFin": "2017-06-20", "preseance": "32", "nominPrincipale": "1", "infosQualite": {"codeQualite": "Membre", "libQualite": "Membre", "libQualiteSex": "Membre"}, "organes": {"organeRef": "PO419610"}}, {"@xmlns:xsi": "http://www.w3.org/2001/XMLSchema-instance", "@xsi:type": "MandatSimple_Type", "uid": "PM698704", "acteurRef": "PA609016", "legislature": "14", "typeOrgane": "COMPER", "dateDebut": "2012-06-28", "datePublication": "2012-06-28", "dateFin": "2014-09-30", "preseance": "32", "nominPrincipale": "1", "infosQualite": {"codeQualite": "Membre", "libQualite": "Membre", "libQualiteSex": "Membre"}, "organes": {"organeRef": "PO419865"}}, {"@xmlns:xsi": "http://www.w3.org/2001/XMLSchema-instance", "@xsi:type": "MandatSimple_Type", "uid": "PM703336", "acteurRef": "PA609016", "legislature": "14", "typeOrgane": "COMPER", "dateDebut": "2014-10-01", "datePublication": "2014-10-01", "dateFin": "2016-05-11", "preseance": "32", "nominPrincipale": "1", "infosQualite": {"codeQualite": "Membre", "libQualite": "Membre", "libQualiteSex": "Membre"}, "organes": {"organeRef": "PO419610"}}, {"@xmlns:xsi": "http://www.w3.org/2001/XMLSchema-instance", "@xsi:type": "MandatSimple_Type", "uid": "PM703428", "acteurRef": "PA609016", "legislature": "14", "typeOrgane": "CNPE", "dateDebut": "2014-10-01", "datePublication": "2014-10-02", "dateFin": "2015-03-05", "preseance": "14", "nominPrincipale": "1", "infosQualite": {"codeQualite": "Secr\u00e9taire", "libQualite": "Secr\u00e9taire", "libQualiteSex": "Secr\u00e9taire"}, "organes": {"organeRef": "PO703144"}}, {"@xmlns:xsi": "http://www.w3.org/2001/XMLSchema-instance", "@xsi:type": "MandatSimple_Type", "uid": "PM696840", "acteurRef": "PA609016", "legislature": "14", "typeOrgane": "ORGEXTPARL", "dateDebut": "2013-09-05", "datePublication": "2013-09-06", "dateFin": "2017-06-20", "preseance": "20", "nominPrincipale": "1", "infosQualite": {"codeQualite": "Titulaire", "libQualite": "Membre titulaire", "libQualiteSex": "Membre titulaire"}, "organes": {"organeRef": "PO696836"}}, {"@xmlns:xsi": "http://www.w3.org/2001/XMLSchema-instance", "@xsi:type": "MandatSimple_Type", "uid": "PM678269", "acteurRef": "PA609016", "legislature": "14", "typeOrgane": "ORGEXTPARL", "dateDebut": "2012-09-21", "datePublication": "2012-09-22", "dateFin": "2017-06-20", "preseance": "20", "nominPrincipale": "1", "infosQualite": {"codeQualite": "Titulaire", "libQualite": "Membre titulaire", "libQualiteSex": "Membre titulaire"}, "organes": {"organeRef": "PO60170"}}, {"@xmlns:xsi": "http://www.w3.org/2001/XMLSchema-instance", "@xsi:type": "MandatSimple_Type", "uid": "PM691472", "acteurRef": "PA609016", "legislature": "14", "typeOrgane": "GE", "dateDebut": "2013-02-05", "datePublication": null, "dateFin": "2017-06-20", "preseance": "20", "nominPrincipale": "1", "infosQualite": {"codeQualite": "Membre", "libQualite": "Membre", "libQualiteSex": "Membre"}, "organes": {"organeRef": "PO687098"}}, {"@xmlns:xsi": "http://www.w3.org/2001/XMLSchema-instance", "@xsi:type": "MandatSimple_Type", "uid": "PM690095", "acteurRef": "PA609016", "legislature": "14", "typeOrgane": "GE", "dateDebut": "2013-02-04", "datePublication": null, "dateFin": "2017-06-20", "preseance": "20", "nominPrincipale": "1", "infosQualite": {"codeQualite": "Membre", "libQualite": "Membre", "libQualiteSex": "Membre"}, "organes": {"organeRef": "PO686275"}}, {"@xmlns:xsi": "http://www.w3.org/2001/XMLSchema-instance", "@xsi:type": "MandatSimple_Type", "uid": "PM688843", "acteurRef": "PA609016", "legislature": "14", "typeOrgane": "GE", "dateDebut": "2013-01-16", "datePublication": null, "dateFin": "2017-06-20", "preseance": "20", "nominPrincipale": "1", "infosQualite": {"codeQualite": "Membre", "libQualite": "Membre", "libQualiteSex": "Membre"}, "organes": {"organeRef": "PO686204"}}, {"@xmlns:xsi": "http://www.w3.org/2001/XMLSchema-instance", "@xsi:type": "MandatSimple_Type", "uid": "PM692058", "acteurRef": "PA609016", "legislature": "14", "typeOrgane": "GE", "dateDebut": "2013-02-19", "datePublication": null, "dateFin": "2017-06-20", "preseance": "20", "nominPrincipale": "1", "infosQualite": {"codeQualite": "Membre", "libQualite": "Membre", "libQualiteSex": "Membre"}, "organes": {"organeRef": "PO686249"}}, {"@xmlns:xsi": "http://www.w3.org/2001/XMLSchema-instance", "@xsi:type": "MandatSimple_Type", "uid": "PM712755", "acteurRef": "PA609016", "legislature": "14", "typeOrgane": "GP", "dateDebut": "2016-05-11", "datePublication": "2016-05-11", "dateFin": "2017-06-20", "preseance": "28", "nominPrincipale": "1", "infosQualite": {"codeQualite": "D\u00e9put\u00e9 non-inscrit", "libQualite": "D\u00e9put\u00e9 non-inscrit", "libQualiteSex": "D\u00e9put\u00e9 non-inscrit"}, "organes": {"organeRef": "PO645633"}}, {"@xmlns:xsi": "http://www.w3.org/2001/XMLSchema-instance", "@xsi:type": "MandatSimple_Type", "uid": "PM680015", "acteurRef": "PA609016", "legislature": "14", "typeOrgane": "GA", "dateDebut": "2012-10-12", "datePublication": null, "dateFin": "2017-06-20", "preseance": "20", "nominPrincipale": "1", "infosQualite": {"codeQualite": "Membre", "libQualite": "Membre", "libQualiteSex": "Membre"}, "organes": {"organeRef": "PO675819"}}, {"@xmlns:xsi": "http://www.w3.org/2001/XMLSchema-instance", "@xsi:type": "MandatSimple_Type", "uid": "PM680017", "acteurRef": "PA609016", "legislature": "14", "typeOrgane": "GA", "dateDebut": "2012-10-12", "datePublication": null, "dateFin": "2017-06-20", "preseance": "20", "nominPrincipale": "1", "infosQualite": {"codeQualite": "Membre", "libQualite": "Membre", "libQualiteSex": "Membre"}, "organes": {"organeRef": "PO675811"}}, {"@xmlns:xsi": "http://www.w3.org/2001/XMLSchema-instance", "@xsi:type": "MandatSimple_Type", "uid": "PM680019", "acteurRef": "PA609016", "legislature": "14", "typeOrgane": "GA", "dateDebut": "2012-10-12", "datePublication": null, "dateFin": "2017-06-20", "preseance": "20", "nominPrincipale": "1", "infosQualite": {"codeQualite": "Membre", "libQualite": "Membre", "libQualiteSex": "Membre"}, "organes": {"organeRef": "PO675751"}}, {"@xmlns:xsi": "http://www.w3.org/2001/XMLSchema-instance", "@xsi:type": "MandatSimple_Type", "uid": "PM680014", "acteurRef": "PA609016", "legislature": "14", "typeOrgane": "GA", "dateDebut": "2012-10-12", "datePublication": null, "dateFin": "2017-06-20", "preseance": "20", "nominPrincipale": "1", "infosQualite": {"codeQualite": "Membre", "libQualite": "Membre", "libQualiteSex": "Membre"}, "organes": {"organeRef": "PO675813"}}, {"@xmlns:xsi": "http://www.w3.org/2001/XMLSchema-instance", "@xsi:type": "MandatSimple_Type", "uid": "PM680016", "acteurRef": "PA609016", "legislature": "14", "typeOrgane": "GA", "dateDebut": "2012-10-12", "datePublication": null, "dateFin": "2017-06-20", "preseance": "20", "nominPrincipale": "1", "infosQualite": {"codeQualite": "Membre", "libQualite": "Membre", "libQualiteSex": "Membre"}, "organes": {"organeRef": "PO675696"}}, {"@xmlns:xsi": "http://www.w3.org/2001/XMLSchema-instance", "@xsi:type": "MandatSimple_Type", "uid": "PM680020", "acteurRef": "PA609016", "legislature": "14", "typeOrgane": "GA", "dateDebut": "2012-10-12", "datePublication": null, "dateFin": "2017-06-20", "preseance": "20", "nominPrincipale": "1", "infosQualite": {"codeQualite": "Membre", "libQualite": "Membre", "libQualiteSex": "Membre"}, "organes": {"organeRef": "PO675808"}}, {"@xmlns:xsi": "http://www.w3.org/2001/XMLSchema-instance", "@xsi:type": "MandatSimple_Type", "uid": "PM680018", "acteurRef": "PA609016", "legislature": "14", "typeOrgane": "GA", "dateDebut": "2012-10-12", "datePublication": null, "dateFin": "2017-06-20", "preseance": "20", "nominPrincipale": "1", "infosQualite": {"codeQualite": "Membre", "libQualite": "Membre", "libQualiteSex": "Membre"}, "organes": {"organeRef": "PO675833"}}, {"@xmlns:xsi": "http://www.w3.org/2001/XMLSchema-instance", "@xsi:type": "MandatSimple_Type", "uid": "PM691810", "acteurRef": "PA609016", "legislature": "14", "typeOrgane": "GA", "dateDebut": "2013-02-20", "datePublication": null, "dateFin": "2017-06-20", "preseance": "20", "nominPrincipale": "0", "infosQualite": {"codeQualite": "Membre", "libQualite": "Membre", "libQualiteSex": "Membre"}, "organes": {"organeRef": "PO675722"}}, {"@xmlns:xsi": "http://www.w3.org/2001/XMLSchema-instance", "@xsi:type": "MandatSimple_Type", "uid": "PM695005", "acteurRef": "PA609016", "legislature": "14", "typeOrgane": "CMP", "dateDebut": "2013-06-05", "datePublication": "2013-06-06", "dateFin": "2013-07-02", "preseance": "28", "nominPrincipale": "1", "infosQualite": {"codeQualite": "Suppl\u00e9ant", "libQualite": "Membre suppl\u00e9ant", "libQualiteSex": "Membre suppl\u00e9ant"}, "organes": {"organeRef": "PO694654"}}, {"@xmlns:xsi": "http://www.w3.org/2001/XMLSchema-instance", "@xsi:type": "MandatSimple_Type", "uid": "PM706505", "acteurRef": "PA609016", "legislature": "14", "typeOrgane": "CMP", "dateDebut": "2015-03-06", "datePublication": "2015-03-07", "dateFin": "2015-05-25", "preseance": "28", "nominPrincipale": "1", "infosQualite": {"codeQualite": "Suppl\u00e9ant", "libQualite": "Membre suppl\u00e9ant", "libQualiteSex": "Membre suppl\u00e9ant"}, "organes": {"organeRef": "PO706437"}}, {"@xmlns:xsi": "http://www.w3.org/2001/XMLSchema-instance", "@xsi:type": "MandatSimple_Type", "uid": "PM687248", "acteurRef": "PA609016", "legislature": "14", "typeOrgane": "CMP", "dateDebut": "2012-12-18", "datePublication": "2012-12-19", "dateFin": "2012-12-19", "preseance": "28", "nominPrincipale": "1", "infosQualite": {"codeQualite": "Suppl\u00e9ant", "libQualite": "Membre suppl\u00e9ant", "libQualiteSex": "Membre suppl\u00e9ant"}, "organes": {"organeRef": "PO687144"}}, {"@xmlns:xsi": "http://www.w3.org/2001/XMLSchema-instance", "@xsi:type": "MandatSimple_Type", "uid": "PM692170", "acteurRef": "PA609016", "legislature": "14", "typeOrgane": "GE", "dateDebut": "2013-02-27", "datePublication": null, "dateFin": "2017-06-20", "preseance": "8", "nominPrincipale": "1", "infosQualite": {"codeQualite": "Vice-Pr\u00e9sident", "libQualite": "Vice-Pr\u00e9sident", "libQualiteSex": "Vice-Pr\u00e9sident"}, "organes": {"organeRef": "PO686204"}}, {"@xmlns:xsi": "http://www.w3.org/2001/XMLSchema-instance", "@xsi:type": "MandatSimple_Type", "uid": "PM690633", "acteurRef": "PA609016", "legislature": "14", "typeOrgane": "GE", "dateDebut": "2013-02-06", "datePublication": null, "dateFin": "2017-06-20", "preseance": "8", "nominPrincipale": "1", "infosQualite": {"codeQualite": "Vice-Pr\u00e9sident", "libQualite": "Vice-Pr\u00e9sident", "libQualiteSex": "Vice-Pr\u00e9sident"}, "organes": {"organeRef": "PO686275"}}, {"@xmlns:xsi": "http://www.w3.org/2001/XMLSchema-instance", "@xsi:type": "MandatSimple_Type", "uid": "PM692654", "acteurRef": "PA609016", "legislature": "14", "typeOrgane": "GE", "dateDebut": "2013-03-14", "datePublication": null, "dateFin": "2017-06-20", "preseance": "8", "nominPrincipale": "1", "infosQualite": {"codeQualite": "Vice-Pr\u00e9sident", "libQualite": "Vice-Pr\u00e9sident", "libQualiteSex": "Vice-Pr\u00e9sident"}, "organes": {"organeRef": "PO687098"}}, {"@xmlns:xsi": "http://www.w3.org/2001/XMLSchema-instance", "@xsi:type": "MandatParlementaire_type", "uid": "PM645074", "acteurRef": "PA609016", "legislature": "14", "typeOrgane": "ASSEMBLEE", "dateDebut": "2012-06-20", "datePublication": null, "dateFin": "2017-06-20", "preseance": "50", "nominPrincipale": "1", "infosQualite": {"codeQualite": "membre", "libQualite": "membre", "libQualiteSex": "membre"}, "organes": {"organeRef": "PO644420"}, "suppleants": {"suppleant": {"dateDebut": "2012-06-20", "dateFin": "2017-06-20", "suppleantRef": "PA642936"}}, "chambre": null, "election": {"lieu": {"region": "Ile-de-France", "regionType": "M\u00e9tropolitain", "departement": "Paris", "numDepartement": "75", "numCirco": "10"}, "causeMandat": "\u00e9lections g\u00e9n\u00e9rales", "refCirconscription": "PO644825"}, "mandature": {"datePriseFonction": "2012-06-20", "causeFin": "Fin de l\u00e9gislature", "premiereElection": "0", "placeHemicycle": null, "mandatRemplaceRef": null}, "collaborateurs": null}, {"@xmlns:xsi": "http://www.w3.org/2001/XMLSchema-instance", "@xsi:type": "MandatSimple_Type", "uid": "PM683978", "acteurRef": "PA609016", "legislature": "14", "typeOrgane": "GA", "dateDebut": "2012-11-07", "datePublication": null, "dateFin": "2017-06-20", "preseance": "8", "nominPrincipale": "1", "infosQualite": {"codeQualite": "Vice-Pr\u00e9sident", "libQualite": "Vice-Pr\u00e9sident", "libQualiteSex": "Vice-Pr\u00e9sident"}, "organes": {"organeRef": "PO675808"}}, {"@xmlns:xsi": "http://www.w3.org/2001/XMLSchema-instance", "@xsi:type": "MandatSimple_Type", "uid": "PM691811", "acteurRef": "PA609016", "legislature": "14", "typeOrgane": "GA", "dateDebut": "2013-02-20", "datePublication": null, "dateFin": "2017-06-20", "preseance": "8", "nominPrincipale": "1", "infosQualite": {"codeQualite": "Vice-Pr\u00e9sident", "libQualite": "Vice-Pr\u00e9sident", "libQualiteSex": "Vice-Pr\u00e9sident"}, "organes": {"organeRef": "PO675722"}}, {"@xmlns:xsi": "http://www.w3.org/2001/XMLSchema-instance", "@xsi:type": "MandatSimple_Type", "uid": "PM714606", "acteurRef": "PA609016", "legislature": "14", "typeOrgane": "GA", "dateDebut": "2016-08-24", "datePublication": null, "dateFin": "2017-06-20", "preseance": "8", "nominPrincipale": "1", "infosQualite": {"codeQualite": "Vice-Pr\u00e9sident", "libQualite": "Vice-Pr\u00e9sident", "libQualiteSex": "Vice-Pr\u00e9sident"}, "organes": {"organeRef": "PO675833"}}, {"@xmlns:xsi": "http://www.w3.org/2001/XMLSchema-instance", "@xsi:type": "MandatSimple_Type", "uid": "PM683590", "acteurRef": "PA609016", "legislature": "14", "typeOrgane": "GA", "dateDebut": "2012-10-29", "datePublication": null, "dateFin": "2017-06-20", "preseance": "8", "nominPrincipale": "1", "infosQualite": {"codeQualite": "Vice-Pr\u00e9sident", "libQualite": "Vice-Pr\u00e9sident", "libQualiteSex": "Vice-Pr\u00e9sident"}, "organes": {"organeRef": "PO675751"}}]}}}