{"acteur": {"@xmlns": "http://schemas.assemblee-nationale.fr/referentiel", "uid": {"@xmlns:xsi": "http://www.w3.org/2001/XMLSchema-instance", "@xsi:type": "IdActeur_type", "#text": "PA736190"}, "etatCivil": {"ident": {"civ": "Mme", "prenom": "Maryse", "nom": "Carr\u00e8re", "alpha": "Carrere_maryse", "trigramme": {"@xmlns:xsi": "http://www.w3.org/2001/XMLSchema-instance", "@xsi:nil": "true"}}, "infoNaissance": {"dateNais": "1967-04-08", "villeNais": {"@xmlns:xsi": "http://www.w3.org/2001/XMLSchema-instance", "@xsi:nil": "true"}, "depNais": {"@xmlns:xsi": "http://www.w3.org/2001/XMLSchema-instance", "@xsi:nil": "true"}, "paysNais": {"@xmlns:xsi": "http://www.w3.org/2001/XMLSchema-instance", "@xsi:nil": "true"}}, "dateDeces": {"@xmlns:xsi": "http://www.w3.org/2001/XMLSchema-instance", "@xsi:nil": "true"}}, "profession": {"libelleCourant": {"@xmlns:xsi": "http://www.w3.org/2001/XMLSchema-instance", "@xsi:nil": "true"}, "socProcINSEE": {"catSocPro": {"@xmlns:xsi": "http://www.w3.org/2001/XMLSchema-instance", "@xsi:nil": "true"}, "famSocPro": {"@xmlns:xsi": "http://www.w3.org/2001/XMLSchema-instance", "@xsi:nil": "true"}}}, "uri_hatvp": {"@xmlns:xsi": "http://www.w3.org/2001/XMLSchema-instance", "@xsi:nil": "true"}, "adresses": {"adresse": {"@xmlns:xsi": "http://www.w3.org/2001/XMLSchema-instance", "@xsi:type": "AdresseSiteWeb_Type", "uid": "AD736479", "type": "23", "typeLibelle": "Url s\u00e9nateur", "poids": null, "adresseDeRattachement": null, "valElec": "https://www.senat.fr/senateur/carrere_maryse19629c.html"}}, "mandats": {"mandat": [{"@xmlns:xsi": "http://www.w3.org/2001/XMLSchema-instance", "@xsi:type": "MandatSimple_Type", "uid": "PM777920", "acteurRef": "PA736190", "legislature": null, "typeOrgane": "COMSPSENAT", "dateDebut": "2020-10-07", "datePublication": null, "dateFin": "2020-12-08", "preseance": null, "nominPrincipale": "1", "infosQualite": {"codeQualite": null, "libQualite": "Vice-Pr\u00e9sident", "libQualiteSex": null}, "organes": {"organeRef": "PO770211"}}, {"@xmlns:xsi": "http://www.w3.org/2001/XMLSchema-instance", "@xsi:type": "MandatSimple_Type", "uid": "PM770253", "acteurRef": "PA736190", "legislature": null, "typeOrgane": "COMSPSENAT", "dateDebut": "2020-02-06", "datePublication": null, "dateFin": "2020-10-06", "preseance": null, "nominPrincipale": "1", "infosQualite": {"codeQualite": null, "libQualite": "Membre", "libQualiteSex": null}, "organes": {"organeRef": "PO770211"}}, {"@xmlns:xsi": "http://www.w3.org/2001/XMLSchema-instance", "@xsi:type": "MandatSimple_Type", "uid": "PM741378", "acteurRef": "PA736190", "legislature": null, "typeOrgane": "DELEGSENAT", "dateDebut": "2017-10-18", "datePublication": null, "dateFin": null, "preseance": "4", "nominPrincipale": "1", "infosQualite": {"codeQualite": "Membre", "libQualite": "Membre", "libQualiteSex": "Membre"}, "organes": {"organeRef": "PO420388"}}, {"@xmlns:xsi": "http://www.w3.org/2001/XMLSchema-instance", "@xsi:type": "MandatSimple_Type", "uid": "PM777918", "acteurRef": "PA736190", "legislature": null, "typeOrgane": "COMSENAT", "dateDebut": "2020-10-07", "datePublication": null, "dateFin": null, "preseance": null, "nominPrincipale": "1", "infosQualite": {"codeQualite": null, "libQualite": "Vice-Pr\u00e9sident", "libQualiteSex": null}, "organes": {"organeRef": "PO211495"}}, {"@xmlns:xsi": "http://www.w3.org/2001/XMLSchema-instance", "@xsi:type": "MandatSimple_Type", "uid": "PM741066", "acteurRef": "PA736190", "legislature": null, "typeOrgane": "COMSENAT", "dateDebut": "2017-10-04", "datePublication": null, "dateFin": "2020-10-06", "preseance": "10", "nominPrincipale": "1", "infosQualite": {"codeQualite": "Membre", "libQualite": "Membre", "libQualiteSex": "Membre"}, "organes": {"organeRef": "PO211495"}}, {"@xmlns:xsi": "http://www.w3.org/2001/XMLSchema-instance", "@xsi:type": "MandatSimple_Type", "uid": "PM741579", "acteurRef": "PA736190", "legislature": null, "typeOrgane": "GROUPESENAT", "dateDebut": "2017-10-03", "datePublication": null, "dateFin": null, "preseance": "4", "nominPrincipale": "1", "infosQualite": {"codeQualite": "Membre", "libQualite": "Membre", "libQualiteSex": "Membre du"}, "organes": {"organeRef": "PO77714"}}, {"@xmlns:xsi": "http://www.w3.org/2001/XMLSchema-instance", "@xsi:type": "MandatSimple_Type", "uid": "PM758293", "acteurRef": "PA736190", "legislature": null, "typeOrgane": "CMP", "dateDebut": "2018-07-10", "datePublication": "2018-07-20", "dateFin": "2018-08-01", "preseance": "20", "nominPrincipale": "1", "infosQualite": {"codeQualite": "Titulaire", "libQualite": "Membre titulaire", "libQualiteSex": "Membre titulaire"}, "organes": {"organeRef": "PO757668"}}, {"@xmlns:xsi": "http://www.w3.org/2001/XMLSchema-instance", "@xsi:type": "MandatSimple_Type", "uid": "PM759040", "acteurRef": "PA736190", "legislature": null, "typeOrgane": "CMP", "dateDebut": "2018-09-25", "datePublication": "2018-09-26", "dateFin": "2018-11-20", "preseance": "20", "nominPrincipale": "1", "infosQualite": {"codeQualite": "Titulaire", "libQualite": "Membre titulaire", "libQualiteSex": "Membre titulaire"}, "organes": {"organeRef": "PO758375"}}, {"@xmlns:xsi": "http://www.w3.org/2001/XMLSchema-instance", "@xsi:type": "MandatSimple_Type", "uid": "PM759068", "acteurRef": "PA736190", "legislature": null, "typeOrgane": "CMP", "dateDebut": "2018-09-25", "datePublication": "2018-09-26", "dateFin": "2018-11-20", "preseance": "20", "nominPrincipale": "1", "infosQualite": {"codeQualite": "Titulaire", "libQualite": "Membre titulaire", "libQualiteSex": "Membre titulaire"}, "organes": {"organeRef": "PO758368"}}, {"@xmlns:xsi": "http://www.w3.org/2001/XMLSchema-instance", "@xsi:type": "MandatParlementaire_type", "uid": "PM736255", "acteurRef": "PA736190", "legislature": null, "typeOrgane": "SENAT", "dateDebut": "2017-10-02", "datePublication": null, "dateFin": null, "preseance": "20", "nominPrincipale": "1", "infosQualite": {"codeQualite": "S\u00e9nateur", "libQualite": "SENATEUR", "libQualiteSex": "S\u00e9nateur 5\u00e8me R\u00e9publique"}, "organes": {"organeRef": "PO78718"}, "suppleants": null, "chambre": null, "election": {"lieu": {"region": null, "regionType": null, "departement": null, "numDepartement": "65", "numCirco": null}, "causeMandat": null}, "mandature": {"datePriseFonction": null, "causeFin": null, "premiereElection": "0", "placeHemicycle": null, "mandatRemplaceRef": null}, "collaborateurs": null}, {"@xmlns:xsi": "http://www.w3.org/2001/XMLSchema-instance", "@xsi:type": "MandatSimple_Type", "uid": "PM760741", "acteurRef": "PA736190", "legislature": null, "typeOrgane": "CMP", "dateDebut": "2018-11-27", "datePublication": "2018-11-29", "dateFin": "2019-02-18", "preseance": "28", "nominPrincipale": "1", "infosQualite": {"codeQualite": "Suppl\u00e9ant", "libQualite": "Membre suppl\u00e9ant", "libQualiteSex": "Membre suppl\u00e9ante"}, "organes": {"organeRef": "PO760711"}}, {"@xmlns:xsi": "http://www.w3.org/2001/XMLSchema-instance", "@xsi:type": "MandatSimple_Type", "uid": "PM776104", "acteurRef": "PA736190", "legislature": null, "typeOrgane": "CMP", "dateDebut": "2020-10-13", "datePublication": "2020-10-17", "dateFin": "2020-10-28", "preseance": "28", "nominPrincipale": "1", "infosQualite": {"codeQualite": "Suppl\u00e9ant", "libQualite": "Membre suppl\u00e9ant", "libQualiteSex": "Membre suppl\u00e9ante"}, "organes": {"organeRef": "PO775833"}}, {"@xmlns:xsi": "http://www.w3.org/2001/XMLSchema-instance", "@xsi:type": "MandatSimple_Type", "uid": "PM756064", "acteurRef": "PA736190", "legislature": null, "typeOrgane": "CMP", "dateDebut": "2018-04-18", "datePublication": "2018-05-12", "dateFin": "2018-07-31", "preseance": "28", "nominPrincipale": "1", "infosQualite": {"codeQualite": "Suppl\u00e9ant", "libQualite": "Membre suppl\u00e9ant", "libQualiteSex": "Membre suppl\u00e9ante"}, "organes": {"organeRef": "PO755721"}}, {"@xmlns:xsi": "http://www.w3.org/2001/XMLSchema-instance", "@xsi:type": "MandatSimple_Type", "uid": "PM786398", "acteurRef": "PA736190", "legislature": null, "typeOrgane": "CMP", "dateDebut": "2021-10-13", "datePublication": "2021-10-15", "dateFin": "2021-11-18", "preseance": "28", "nominPrincipale": "1", "infosQualite": {"codeQualite": "Suppl\u00e9ant", "libQualite": "Membre suppl\u00e9ant", "libQualiteSex": "Membre suppl\u00e9ante"}, "organes": {"organeRef": "PO785952"}}, {"@xmlns:xsi": "http://www.w3.org/2001/XMLSchema-instance", "@xsi:type": "MandatSimple_Type", "uid": "PM786371", "acteurRef": "PA736190", "legislature": null, "typeOrgane": "CMP", "dateDebut": "2021-10-13", "datePublication": "2021-10-15", "dateFin": "2021-11-18", "preseance": "28", "nominPrincipale": "1", "infosQualite": {"codeQualite": "Suppl\u00e9ant", "libQualite": "Membre suppl\u00e9ant", "libQualiteSex": "Membre suppl\u00e9ante"}, "organes": {"organeRef": "PO785959"}}, {"@xmlns:xsi": "http://www.w3.org/2001/XMLSchema-instance", "@xsi:type": "MandatSimple_Type", "uid": "PM789751", "acteurRef": "PA736190", "legislature": null, "typeOrgane": "CMP", "dateDebut": "2022-02-09", "datePublication": "2022-02-11", "dateFin": "2022-02-24", "preseance": "28", "nominPrincipale": "1", "infosQualite": {"codeQualite": "Suppl\u00e9ant", "libQualite": "Membre suppl\u00e9ant", "libQualiteSex": "Membre suppl\u00e9ante"}, "organes": {"organeRef": "PO789726"}}, {"@xmlns:xsi": "http://www.w3.org/2001/XMLSchema-instance", "@xsi:type": "MandatSimple_Type", "uid": "PM776477", "acteurRef": "PA736190", "legislature": null, "typeOrgane": "CMP", "dateDebut": "2020-10-29", "datePublication": "2020-10-30", "dateFin": "2020-11-07", "preseance": "28", "nominPrincipale": "1", "infosQualite": {"codeQualite": "Suppl\u00e9ant", "libQualite": "Membre suppl\u00e9ant", "libQualiteSex": "Membre suppl\u00e9ante"}, "organes": {"organeRef": "PO776400"}}, {"@xmlns:xsi": "http://www.w3.org/2001/XMLSchema-instance", "@xsi:type": "MandatSimple_Type", "uid": "PM781529", "acteurRef": "PA736190", "legislature": null, "typeOrgane": "CMP", "dateDebut": "2021-02-19", "datePublication": "2021-02-20", "dateFin": "2021-03-11", "preseance": "28", "nominPrincipale": "1", "infosQualite": {"codeQualite": "Suppl\u00e9ant", "libQualite": "Membre suppl\u00e9ant", "libQualiteSex": "Membre suppl\u00e9ante"}, "organes": {"organeRef": "PO781511"}}, {"@xmlns:xsi": "http://www.w3.org/2001/XMLSchema-instance", "@xsi:type": "MandatSimple_Type", "uid": "PM748720", "acteurRef": "PA736190", "legislature": null, "typeOrgane": "CMP", "dateDebut": "2018-02-03", "datePublication": "2018-02-03", "dateFin": "2018-02-15", "preseance": "28", "nominPrincipale": "1", "infosQualite": {"codeQualite": "Suppl\u00e9ant", "libQualite": "Membre suppl\u00e9ant", "libQualiteSex": "Membre suppl\u00e9ante"}, "organes": {"organeRef": "PO748454"}}, {"@xmlns:xsi": "http://www.w3.org/2001/XMLSchema-instance", "@xsi:type": "MandatSimple_Type", "uid": "PM769747", "acteurRef": "PA736190", "legislature": null, "typeOrgane": "CMP", "dateDebut": "2020-01-28", "datePublication": "2020-01-29", "dateFin": "2020-03-31", "preseance": "28", "nominPrincipale": "1", "infosQualite": {"codeQualite": "Suppl\u00e9ant", "libQualite": "Membre suppl\u00e9ant", "libQualiteSex": "Membre suppl\u00e9ante"}, "organes": {"organeRef": "PO769520"}}, {"@xmlns:xsi": "http://www.w3.org/2001/XMLSchema-instance", "@xsi:type": "MandatSimple_Type", "uid": "PM771606", "acteurRef": "PA736190", "legislature": null, "typeOrgane": "CMP", "dateDebut": "2020-05-06", "datePublication": "2020-05-07", "dateFin": "2020-05-12", "preseance": "28", "nominPrincipale": "1", "infosQualite": {"codeQualite": "Suppl\u00e9ant", "libQualite": "Membre suppl\u00e9ant", "libQualiteSex": "Membre suppl\u00e9ante"}, "organes": {"organeRef": "PO771574"}}, {"@xmlns:xsi": "http://www.w3.org/2001/XMLSchema-instance", "@xsi:type": "MandatSimple_Type", "uid": "PM769720", "acteurRef": "PA736190", "legislature": null, "typeOrgane": "CMP", "dateDebut": "2020-01-28", "datePublication": "2020-01-29", "dateFin": "2020-03-31", "preseance": "28", "nominPrincipale": "1", "infosQualite": {"codeQualite": "Suppl\u00e9ant", "libQualite": "Membre suppl\u00e9ant", "libQualiteSex": "Membre suppl\u00e9ante"}, "organes": {"organeRef": "PO769513"}}, {"@xmlns:xsi": "http://www.w3.org/2001/XMLSchema-instance", "@xsi:type": "MandatSimple_Type", "uid": "PM746550", "acteurRef": "PA736190", "legislature": null, "typeOrgane": "CMP", "dateDebut": "2017-12-15", "datePublication": "2017-12-16", "dateFin": "2017-12-21", "preseance": "28", "nominPrincipale": "1", "infosQualite": {"codeQualite": "Suppl\u00e9ant", "libQualite": "Membre suppl\u00e9ant", "libQualiteSex": "Membre suppl\u00e9ante"}, "organes": {"organeRef": "PO746520"}}, {"@xmlns:xsi": "http://www.w3.org/2001/XMLSchema-instance", "@xsi:type": "MandatSimple_Type", "uid": "PM782890", "acteurRef": "PA736190", "legislature": null, "typeOrgane": "CMP", "dateDebut": "2021-05-05", "datePublication": "2021-05-07", "dateFin": "2021-07-23", "preseance": "28", "nominPrincipale": "1", "infosQualite": {"codeQualite": "Suppl\u00e9ant", "libQualite": "Membre suppl\u00e9ant", "libQualiteSex": "Membre suppl\u00e9ante"}, "organes": {"organeRef": "PO782491"}}, {"@xmlns:xsi": "http://www.w3.org/2001/XMLSchema-instance", "@xsi:type": "MandatSimple_Type", "uid": "PM750586", "acteurRef": "PA736190", "legislature": null, "typeOrgane": "CMP", "dateDebut": "2018-02-16", "datePublication": "2018-02-16", "dateFin": "2018-03-15", "preseance": "28", "nominPrincipale": "1", "infosQualite": {"codeQualite": "Suppl\u00e9ant", "libQualite": "Membre suppl\u00e9ant", "libQualiteSex": "Membre suppl\u00e9ante"}, "organes": {"organeRef": "PO749105"}}, {"@xmlns:xsi": "http://www.w3.org/2001/XMLSchema-instance", "@xsi:type": "MandatSimple_Type", "uid": "PM760769", "acteurRef": "PA736190", "legislature": null, "typeOrgane": "CMP", "dateDebut": "2018-11-26", "datePublication": "2018-11-29", "dateFin": "2019-02-20", "preseance": "28", "nominPrincipale": "1", "infosQualite": {"codeQualite": "Suppl\u00e9ant", "libQualite": "Membre suppl\u00e9ant", "libQualiteSex": "Membre suppl\u00e9ante"}, "organes": {"organeRef": "PO760704"}}, {"@xmlns:xsi": "http://www.w3.org/2001/XMLSchema-instance", "@xsi:type": "MandatSimple_Type", "uid": "PM768925", "acteurRef": "PA736190", "legislature": null, "typeOrgane": "CMP", "dateDebut": "2019-12-18", "datePublication": "2019-12-20", "dateFin": "2020-05-13", "preseance": "28", "nominPrincipale": "1", "infosQualite": {"codeQualite": "Suppl\u00e9ant", "libQualite": "Membre suppl\u00e9ant", "libQualiteSex": "Membre suppl\u00e9ante"}, "organes": {"organeRef": "PO768870"}}, {"@xmlns:xsi": "http://www.w3.org/2001/XMLSchema-instance", "@xsi:type": "MandatSimple_Type", "uid": "PM773234", "acteurRef": "PA736190", "legislature": null, "typeOrgane": "CMP", "dateDebut": "2020-06-24", "datePublication": "2020-07-03", "dateFin": "2020-07-21", "preseance": "28", "nominPrincipale": "1", "infosQualite": {"codeQualite": "Suppl\u00e9ant", "libQualite": "Membre suppl\u00e9ant", "libQualiteSex": "Membre suppl\u00e9ante"}, "organes": {"organeRef": "PO772400"}}, {"@xmlns:xsi": "http://www.w3.org/2001/XMLSchema-instance", "@xsi:type": "MandatSimple_Type", "uid": "PM786801", "acteurRef": "PA736190", "legislature": null, "typeOrgane": "CMP", "dateDebut": "2021-10-28", "datePublication": "2021-10-29", "dateFin": "2021-11-05", "preseance": "28", "nominPrincipale": "1", "infosQualite": {"codeQualite": "Suppl\u00e9ant", "libQualite": "Membre suppl\u00e9ant", "libQualiteSex": "Membre suppl\u00e9ante"}, "organes": {"organeRef": "PO786756"}}, {"@xmlns:xsi": "http://www.w3.org/2001/XMLSchema-instance", "@xsi:type": "MandatSimple_Type", "uid": "PM783207", "acteurRef": "PA736190", "legislature": null, "typeOrgane": "CMP", "dateDebut": "2021-05-18", "datePublication": "2021-05-19", "dateFin": "2021-05-27", "preseance": "28", "nominPrincipale": "1", "infosQualite": {"codeQualite": "Suppl\u00e9ant", "libQualite": "Membre suppl\u00e9ant", "libQualiteSex": "Membre suppl\u00e9ante"}, "organes": {"organeRef": "PO783142"}}, {"@xmlns:xsi": "http://www.w3.org/2001/XMLSchema-instance", "@xsi:type": "MandatSimple_Type", "uid": "PM784228", "acteurRef": "PA736190", "legislature": null, "typeOrgane": "CMP", "dateDebut": "2021-07-01", "datePublication": "2021-07-03", "dateFin": "2021-07-22", "preseance": "28", "nominPrincipale": "1", "infosQualite": {"codeQualite": "Suppl\u00e9ant", "libQualite": "Membre suppl\u00e9ant", "libQualiteSex": "Membre suppl\u00e9ante"}, "organes": {"organeRef": "PO784060"}}, {"@xmlns:xsi": "http://www.w3.org/2001/XMLSchema-instance", "@xsi:type": "MandatSimple_Type", "uid": "PM764870", "acteurRef": "PA736190", "legislature": null, "typeOrgane": "CMP", "dateDebut": "2019-04-30", "datePublication": "2019-05-02", "dateFin": "2019-05-23", "preseance": "28", "nominPrincipale": "1", "infosQualite": {"codeQualite": "Suppl\u00e9ant", "libQualite": "Membre suppl\u00e9ant", "libQualiteSex": "Membre suppl\u00e9ante"}, "organes": {"organeRef": "PO764697"}}, {"@xmlns:xsi": "http://www.w3.org/2001/XMLSchema-instance", "@xsi:type": "MandatSimple_Type", "uid": "PM781819", "acteurRef": "PA736190", "legislature": null, "typeOrgane": "CMP", "dateDebut": "2021-03-03", "datePublication": "2021-03-04", "dateFin": "2021-04-01", "preseance": "28", "nominPrincipale": "1", "infosQualite": {"codeQualite": "Suppl\u00e9ant", "libQualite": "Membre suppl\u00e9ant", "libQualiteSex": "Membre suppl\u00e9ante"}, "organes": {"organeRef": "PO781499"}}, {"@xmlns:xsi": "http://www.w3.org/2001/XMLSchema-instance", "@xsi:type": "MandatSimple_Type", "uid": "PM772478", "acteurRef": "PA736190", "legislature": null, "typeOrgane": "CMP", "dateDebut": "2020-06-12", "datePublication": "2020-06-13", "dateFin": "2020-06-17", "preseance": "28", "nominPrincipale": "1", "infosQualite": {"codeQualite": "Suppl\u00e9ant", "libQualite": "Membre suppl\u00e9ant", "libQualiteSex": "Membre suppl\u00e9ante"}, "organes": {"organeRef": "PO772430"}}, {"@xmlns:xsi": "http://www.w3.org/2001/XMLSchema-instance", "@xsi:type": "MandatSimple_Type", "uid": "PM782131", "acteurRef": "PA736190", "legislature": null, "typeOrgane": "CMP", "dateDebut": "2021-03-18", "datePublication": "2021-03-20", "dateFin": "2021-03-30", "preseance": "28", "nominPrincipale": "1", "infosQualite": {"codeQualite": "Suppl\u00e9ant", "libQualite": "Membre suppl\u00e9ant", "libQualiteSex": "Membre suppl\u00e9ante"}, "organes": {"organeRef": "PO782103"}}, {"@xmlns:xsi": "http://www.w3.org/2001/XMLSchema-instance", "@xsi:type": "MandatSimple_Type", "uid": "PM766272", "acteurRef": "PA736190", "legislature": null, "typeOrgane": "CMP", "dateDebut": "2019-07-02", "datePublication": "2019-07-05", "dateFin": "2019-07-25", "preseance": "28", "nominPrincipale": "1", "infosQualite": {"codeQualite": "Suppl\u00e9ant", "libQualite": "Membre suppl\u00e9ant", "libQualiteSex": "Membre suppl\u00e9ante"}, "organes": {"organeRef": "PO766090"}}, {"@xmlns:xsi": "http://www.w3.org/2001/XMLSchema-instance", "@xsi:type": "MandatSimple_Type", "uid": "PM764843", "acteurRef": "PA736190", "legislature": null, "typeOrgane": "CMP", "dateDebut": "2019-04-30", "datePublication": "2019-05-02", "dateFin": "2019-05-23", "preseance": "28", "nominPrincipale": "1", "infosQualite": {"codeQualite": "Suppl\u00e9ant", "libQualite": "Membre suppl\u00e9ant", "libQualiteSex": "Membre suppl\u00e9ante"}, "organes": {"organeRef": "PO764703"}}, {"@xmlns:xsi": "http://www.w3.org/2001/XMLSchema-instance", "@xsi:type": "MandatSimple_Type", "uid": "PM773969", "acteurRef": "PA736190", "legislature": null, "typeOrgane": "CMP", "dateDebut": "2020-07-21", "datePublication": "2020-07-22", "dateFin": "2020-07-27", "preseance": "28", "nominPrincipale": "1", "infosQualite": {"codeQualite": "Suppl\u00e9ant", "libQualite": "Membre suppl\u00e9ant", "libQualiteSex": "Membre suppl\u00e9ante"}, "organes": {"organeRef": "PO773832"}}, {"@xmlns:xsi": "http://www.w3.org/2001/XMLSchema-instance", "@xsi:type": "MandatSimple_Type", "uid": "PM752979", "acteurRef": "PA736190", "legislature": null, "typeOrgane": "CMP", "dateDebut": "2018-03-09", "datePublication": "2018-03-09", "dateFin": "2018-04-11", "preseance": "28", "nominPrincipale": "1", "infosQualite": {"codeQualite": "Suppl\u00e9ant", "libQualite": "Membre suppl\u00e9ant", "libQualiteSex": "Membre suppl\u00e9ante"}, "organes": {"organeRef": "PO750828"}}, {"@xmlns:xsi": "http://www.w3.org/2001/XMLSchema-instance", "@xsi:type": "MandatSimple_Type", "uid": "PM756200", "acteurRef": "PA736190", "legislature": null, "typeOrgane": "CMP", "dateDebut": "2018-05-17", "datePublication": "2018-05-18", "dateFin": "2018-06-21", "preseance": "28", "nominPrincipale": "1", "infosQualite": {"codeQualite": "Suppl\u00e9ant", "libQualite": "Membre suppl\u00e9ant", "libQualiteSex": "Membre suppl\u00e9ante"}, "organes": {"organeRef": "PO755798"}}, {"@xmlns:xsi": "http://www.w3.org/2001/XMLSchema-instance", "@xsi:type": "MandatSimple_Type", "uid": "PM788786", "acteurRef": "PA736190", "legislature": null, "typeOrgane": "CMP", "dateDebut": "2022-01-11", "datePublication": "2022-01-12", "dateFin": "2022-01-23", "preseance": "28", "nominPrincipale": "1", "infosQualite": {"codeQualite": "Suppl\u00e9ant", "libQualite": "Membre suppl\u00e9ant", "libQualiteSex": "Membre suppl\u00e9ante"}, "organes": {"organeRef": "PO788760"}}, {"@xmlns:xsi": "http://www.w3.org/2001/XMLSchema-instance", "@xsi:type": "MandatSimple_Type", "uid": "PM789092", "acteurRef": "PA736190", "legislature": null, "typeOrgane": "CMP", "dateDebut": "2022-01-19", "datePublication": "2022-01-20", "dateFin": "2022-02-09", "preseance": "28", "nominPrincipale": "1", "infosQualite": {"codeQualite": "Suppl\u00e9ant", "libQualite": "Membre suppl\u00e9ant", "libQualiteSex": "Membre suppl\u00e9ante"}, "organes": {"organeRef": "PO788650"}}, {"@xmlns:xsi": "http://www.w3.org/2001/XMLSchema-instance", "@xsi:type": "MandatSimple_Type", "uid": "PM779090", "acteurRef": "PA736190", "legislature": null, "typeOrgane": "CMP", "dateDebut": "2020-12-09", "datePublication": "2020-12-11", "dateFin": "2020-12-16", "preseance": "28", "nominPrincipale": "1", "infosQualite": {"codeQualite": "Suppl\u00e9ant", "libQualite": "Membre suppl\u00e9ant", "libQualiteSex": "Membre suppl\u00e9ante"}, "organes": {"organeRef": "PO779061"}}, {"@xmlns:xsi": "http://www.w3.org/2001/XMLSchema-instance", "@xsi:type": "MandatSimple_Type", "uid": "PM754556", "acteurRef": "PA736190", "legislature": null, "typeOrgane": "CMP", "dateDebut": "2018-03-28", "datePublication": "2018-03-30", "dateFin": "2018-05-14", "preseance": "28", "nominPrincipale": "1", "infosQualite": {"codeQualite": "Suppl\u00e9ant", "libQualite": "Membre suppl\u00e9ant", "libQualiteSex": "Membre suppl\u00e9ante"}, "organes": {"organeRef": "PO754171"}}]}}}