{"acteur": {"@xmlns": "http://schemas.assemblee-nationale.fr/referentiel", "uid": {"@xmlns:xsi": "http://www.w3.org/2001/XMLSchema-instance", "@xsi:type": "IdActeur_type", "#text": "PA736204"}, "etatCivil": {"ident": {"civ": "M.", "prenom": "Jean-Marie", "nom": "Mizzon", "alpha": "Mizzon_jean_marie", "trigramme": {"@xmlns:xsi": "http://www.w3.org/2001/XMLSchema-instance", "@xsi:nil": "true"}}, "infoNaissance": {"dateNais": "1956-03-31", "villeNais": {"@xmlns:xsi": "http://www.w3.org/2001/XMLSchema-instance", "@xsi:nil": "true"}, "depNais": {"@xmlns:xsi": "http://www.w3.org/2001/XMLSchema-instance", "@xsi:nil": "true"}, "paysNais": {"@xmlns:xsi": "http://www.w3.org/2001/XMLSchema-instance", "@xsi:nil": "true"}}, "dateDeces": {"@xmlns:xsi": "http://www.w3.org/2001/XMLSchema-instance", "@xsi:nil": "true"}}, "profession": {"libelleCourant": {"@xmlns:xsi": "http://www.w3.org/2001/XMLSchema-instance", "@xsi:nil": "true"}, "socProcINSEE": {"catSocPro": {"@xmlns:xsi": "http://www.w3.org/2001/XMLSchema-instance", "@xsi:nil": "true"}, "famSocPro": {"@xmlns:xsi": "http://www.w3.org/2001/XMLSchema-instance", "@xsi:nil": "true"}}}, "uri_hatvp": {"@xmlns:xsi": "http://www.w3.org/2001/XMLSchema-instance", "@xsi:nil": "true"}, "adresses": {"adresse": {"@xmlns:xsi": "http://www.w3.org/2001/XMLSchema-instance", "@xsi:type": "AdresseSiteWeb_Type", "uid": "AD736495", "type": "23", "typeLibelle": "Url s\u00e9nateur", "poids": null, "adresseDeRattachement": null, "valElec": "https://www.senat.fr/senateur/mizzon_jean_marie19335q.html"}}, "mandats": {"mandat": [{"@xmlns:xsi": "http://www.w3.org/2001/XMLSchema-instance", "@xsi:type": "MandatSimple_Type", "uid": "PM759656", "acteurRef": "PA736204", "legislature": null, "typeOrgane": "COMSPSENAT", "dateDebut": "2018-10-11", "datePublication": null, "dateFin": "2018-11-12", "preseance": null, "nominPrincipale": "1", "infosQualite": {"codeQualite": null, "libQualite": "Secr\u00e9taire", "libQualiteSex": "Secr\u00e9taire"}, "organes": {"organeRef": "PO759377"}}, {"@xmlns:xsi": "http://www.w3.org/2001/XMLSchema-instance", "@xsi:type": "MandatSimple_Type", "uid": "PM759658", "acteurRef": "PA736204", "legislature": null, "typeOrgane": "COMSPSENAT", "dateDebut": "2018-10-10", "datePublication": null, "dateFin": "2018-10-10", "preseance": null, "nominPrincipale": "1", "infosQualite": {"codeQualite": null, "libQualite": "Membre", "libQualiteSex": "Membre"}, "organes": {"organeRef": "PO759377"}}, {"@xmlns:xsi": "http://www.w3.org/2001/XMLSchema-instance", "@xsi:type": "MandatSimple_Type", "uid": "PM767698", "acteurRef": "PA736204", "legislature": null, "typeOrgane": "COMSPSENAT", "dateDebut": "2019-10-16", "datePublication": null, "dateFin": "2019-10-23", "preseance": null, "nominPrincipale": "1", "infosQualite": {"codeQualite": null, "libQualite": "Membre", "libQualiteSex": "Membre"}, "organes": {"organeRef": "PO767640"}}, {"@xmlns:xsi": "http://www.w3.org/2001/XMLSchema-instance", "@xsi:type": "MandatSimple_Type", "uid": "PM778223", "acteurRef": "PA736204", "legislature": null, "typeOrgane": "COMSPSENAT", "dateDebut": "2020-10-07", "datePublication": null, "dateFin": "2021-08-02", "preseance": null, "nominPrincipale": "1", "infosQualite": {"codeQualite": null, "libQualite": "Secr\u00e9taire", "libQualiteSex": "Secr\u00e9taire"}, "organes": {"organeRef": "PO767640"}}, {"@xmlns:xsi": "http://www.w3.org/2001/XMLSchema-instance", "@xsi:type": "MandatSimple_Type", "uid": "PM767855", "acteurRef": "PA736204", "legislature": null, "typeOrgane": "COMSPSENAT", "dateDebut": "2019-10-24", "datePublication": null, "dateFin": "2020-10-06", "preseance": null, "nominPrincipale": "1", "infosQualite": {"codeQualite": null, "libQualite": "Secr\u00e9taire", "libQualiteSex": "Secr\u00e9taire"}, "organes": {"organeRef": "PO767640"}}, {"@xmlns:xsi": "http://www.w3.org/2001/XMLSchema-instance", "@xsi:type": "MandatSimple_Type", "uid": "PM786493", "acteurRef": "PA736204", "legislature": null, "typeOrgane": "DELEGSENAT", "dateDebut": "2021-10-14", "datePublication": null, "dateFin": null, "preseance": "4", "nominPrincipale": "1", "infosQualite": {"codeQualite": "Membre", "libQualite": "Membre", "libQualiteSex": "Membre"}, "organes": {"organeRef": "PO420387"}}, {"@xmlns:xsi": "http://www.w3.org/2001/XMLSchema-instance", "@xsi:type": "MandatSimple_Type", "uid": "PM777982", "acteurRef": "PA736204", "legislature": null, "typeOrgane": "COMSENAT", "dateDebut": "2020-10-06", "datePublication": null, "dateFin": null, "preseance": "10", "nominPrincipale": "1", "infosQualite": {"codeQualite": "Membre", "libQualite": "Membre", "libQualiteSex": "Membre"}, "organes": {"organeRef": "PO211494"}}, {"@xmlns:xsi": "http://www.w3.org/2001/XMLSchema-instance", "@xsi:type": "MandatSimple_Type", "uid": "PM741227", "acteurRef": "PA736204", "legislature": null, "typeOrgane": "COMSENAT", "dateDebut": "2017-10-04", "datePublication": null, "dateFin": "2018-11-19", "preseance": "10", "nominPrincipale": "1", "infosQualite": {"codeQualite": "Membre", "libQualite": "Membre", "libQualiteSex": "Membre"}, "organes": {"organeRef": "PO211493"}}, {"@xmlns:xsi": "http://www.w3.org/2001/XMLSchema-instance", "@xsi:type": "MandatSimple_Type", "uid": "PM760648", "acteurRef": "PA736204", "legislature": null, "typeOrgane": "COMSENAT", "dateDebut": "2018-11-20", "datePublication": null, "dateFin": "2020-10-05", "preseance": "10", "nominPrincipale": "1", "infosQualite": {"codeQualite": "Membre", "libQualite": "Membre", "libQualiteSex": "Membre"}, "organes": {"organeRef": "PO211490"}}, {"@xmlns:xsi": "http://www.w3.org/2001/XMLSchema-instance", "@xsi:type": "MandatSimple_Type", "uid": "PM743244", "acteurRef": "PA736204", "legislature": null, "typeOrgane": "API", "dateDebut": "2017-11-08", "datePublication": null, "dateFin": null, "preseance": "20", "nominPrincipale": "1", "infosQualite": {"codeQualite": "Membre", "libQualite": "Membre", "libQualiteSex": "Membre"}, "organes": {"organeRef": "PO206064"}}, {"@xmlns:xsi": "http://www.w3.org/2001/XMLSchema-instance", "@xsi:type": "MandatSimple_Type", "uid": "PM741665", "acteurRef": "PA736204", "legislature": null, "typeOrgane": "GROUPESENAT", "dateDebut": "2017-10-03", "datePublication": null, "dateFin": null, "preseance": "4", "nominPrincipale": "1", "infosQualite": {"codeQualite": "Membre", "libQualite": "Membre", "libQualiteSex": "Membre"}, "organes": {"organeRef": "PO309463"}}, {"@xmlns:xsi": "http://www.w3.org/2001/XMLSchema-instance", "@xsi:type": "MandatParlementaire_type", "uid": "PM736338", "acteurRef": "PA736204", "legislature": null, "typeOrgane": "SENAT", "dateDebut": "2017-10-02", "datePublication": null, "dateFin": null, "preseance": "20", "nominPrincipale": "1", "infosQualite": {"codeQualite": "S\u00e9nateur", "libQualite": "SENATEUR", "libQualiteSex": "SENATEUR"}, "organes": {"organeRef": "PO78718"}, "suppleants": null, "chambre": null, "election": {"lieu": {"region": null, "regionType": null, "departement": null, "numDepartement": "57", "numCirco": null}, "causeMandat": null}, "mandature": {"datePriseFonction": null, "causeFin": null, "premiereElection": "0", "placeHemicycle": null, "mandatRemplaceRef": null}, "collaborateurs": null}]}}}